<?xml version="1.0" encoding="utf-8"?><ITRETURN:ITR xmlns:ITR5FORM="http://incometaxindiaefiling.gov.in/ITR5" xmlns:ITRForm="http://incometaxindiaefiling.gov.in/Corpmaster" xmlns:xsi="http://www.w3.org/2001/XMLSchema-instance" xmlns:ITRETURN="http://incometaxindiaefiling.gov.in/main" xsi:schemaLocation="http://incometaxindiaefiling.gov.in/main ITR-5_2019_Main.xsd"><ITR5FORM:ITR5><ITRForm:CreationInfo><ITRForm:SWVersionNo>19.7</ITRForm:SWVersionNo><ITRForm:SWCreatedBy>SW10001844</ITRForm:SWCreatedBy><ITRForm:XMLCreatedBy>SW10001844</ITRForm:XMLCreatedBy><ITRForm:XMLCreationDate>2019-09-27</ITRForm:XMLCreationDate><ITRForm:IntermediaryCity>JAIPUR</ITRForm:IntermediaryCity><ITRForm:Digest>4sXKxf3g6bjLHxJUS3BmQPHBUFIFf+mGi3TNLoozuQw=</ITRForm:Digest></ITRForm:CreationInfo><ITRForm:Form_ITR5><ITRForm:FormName>ITR-5</ITRForm:FormName><ITRForm:Description>For firms, AOPs and BOIs</ITRForm:Description><ITRForm:AssessmentYear>2019</ITRForm:AssessmentYear><ITRForm:SchemaVer>Ver1.0</ITRForm:SchemaVer><ITRForm:FormVer>Ver1.0</ITRForm:FormVer></ITRForm:Form_ITR5><ITRForm:PartA_GEN1><ITRForm:OrgFirmInfo><ITRForm:AssesseeName><ITRForm:SurNameOrOrgName>KIVA HEALTHCARE</ITRForm:SurNameOrOrgName></ITRForm:AssesseeName><ITRForm:PAN>AASFK5345A</ITRForm:PAN><ITRForm:Address><ITRForm:ResidenceNo>27(1st Floor)</ITRForm:ResidenceNo><ITRForm:LocalityOrArea>SHIV GANESH MARKET</ITRForm:LocalityOrArea><ITRForm:CityOrTownOrDistrict>SRI GANGANGAR</ITRForm:CityOrTownOrDistrict><ITRForm:StateCode>27</ITRForm:StateCode><ITRForm:CountryCode>91</ITRForm:CountryCode><ITRForm:PinCode>335001</ITRForm:PinCode><ITRForm:CountryCodeMobile>91</ITRForm:CountryCodeMobile><ITRForm:MobileNo>9828456752</ITRForm:MobileNo><ITRForm:CountryCodeMobileNoSec>91</ITRForm:CountryCodeMobileNoSec><ITRForm:MobileNoSec>9772266636</ITRForm:MobileNoSec><ITRForm:EmailAddress>kivahealthcare@gmail.com</ITRForm:EmailAddress><ITRForm:EmailAddressSecondary>ca.anurag.chhabra@gmail.com</ITRForm:EmailAddressSecondary></ITRForm:Address><ITRForm:DateOFFormOrIncorp>2017-09-05</ITRForm:DateOFFormOrIncorp><ITRForm:StatusOrCompanyType>1</ITRForm:StatusOrCompanyType><ITRForm:SubStatus>10</ITRForm:SubStatus></ITRForm:OrgFirmInfo><ITRForm:FilingStatus><ITRForm:ReturnFileSec><ITRForm:IncomeTaxSec>11</ITRForm:IncomeTaxSec></ITRForm:ReturnFileSec><ITRForm:BusinessTrustFlag>N</ITRForm:BusinessTrustFlag><ITRForm:InvstmntFundRefrdSec115UB>N</ITRForm:InvstmntFundRefrdSec115UB><ITRForm:ResidentialStatus>RES</ITRForm:ResidentialStatus><ITRForm:ForeignExchangeFlag>N</ITRForm:ForeignExchangeFlag><ITRForm:StartUpDPIITFlag>N</ITRForm:StartUpDPIITFlag><ITRForm:InterMinisterialCertFlag>N</ITRForm:InterMinisterialCertFlag><ITRForm:NRI_PE>N</ITRForm:NRI_PE><ITRForm:FiiFpiFlag>N</ITRForm:FiiFpiFlag><ITRForm:AsseseeRepFlg>N</ITRForm:AsseseeRepFlg><ITRForm:PartnerInFirmFlg>N</ITRForm:PartnerInFirmFlg><ITRForm:HeldUnlistedEqShrPrYrFlg>N</ITRForm:HeldUnlistedEqShrPrYrFlg></ITRForm:FilingStatus></ITRForm:PartA_GEN1><ITRForm:PartA_GEN2><ITRForm:LiableSec44AAflg>Y</ITRForm:LiableSec44AAflg><ITRForm:LiableSec44ABflg>Y</ITRForm:LiableSec44ABflg><ITRForm:AuditedByAccountantFlg>Y</ITRForm:AuditedByAccountantFlg><ITRForm:AuditInfo><ITRForm:AuditReportFurnishDate>2019-09-27</ITRForm:AuditReportFurnishDate><ITRForm:AuditorName>ANURAG CHHABRA</ITRForm:AuditorName><ITRForm:AuditorMemNo>422536</ITRForm:AuditorMemNo><ITRForm:AudFrmName>ANURAG CHHABRA</ITRForm:AudFrmName><ITRForm:AudFrmPAN>AMDPC0664P</ITRForm:AudFrmPAN><ITRForm:AuditDate>2019-09-25</ITRForm:AuditDate></ITRForm:AuditInfo><ITRForm:LiableSec92Eflg>N</ITRForm:LiableSec92Eflg><ITRForm:PrevYrMemPartChange>N</ITRForm:PrevYrMemPartChange><ITRForm:PartnerOrMemberInfo><ITRForm:PartnerForeignCompFlg>NO</ITRForm:PartnerForeignCompFlg><ITRForm:PartnerOrMemberName>RIPAN KUMAR CHHABRA</ITRForm:PartnerOrMemberName><ITRForm:AddressDetailWithZipCode><ITRForm:AddrDetail>37 AGGARSENNAGAR</ITRForm:AddrDetail><ITRForm:CityOrTownOrDistrict>SRI GANGANAGAR</ITRForm:CityOrTownOrDistrict><ITRForm:StateCode>27</ITRForm:StateCode><ITRForm:CountryCode>91</ITRForm:CountryCode><ITRForm:PinCode>335001</ITRForm:PinCode></ITRForm:AddressDetailWithZipCode><ITRForm:SharePercentage>50.00</ITRForm:SharePercentage><ITRForm:PAN>ABCPC2657E</ITRForm:PAN><ITRForm:Status>IND_WORKING</ITRForm:Status><ITRForm:RateOfInterest>12.00</ITRForm:RateOfInterest><ITRForm:RemunerationPaid>192821</ITRForm:RemunerationPaid></ITRForm:PartnerOrMemberInfo><ITRForm:PartnerOrMemberInfo><ITRForm:PartnerForeignCompFlg>NO</ITRForm:PartnerForeignCompFlg><ITRForm:PartnerOrMemberName>AMOL TINNA</ITRForm:PartnerOrMemberName><ITRForm:AddressDetailWithZipCode><ITRForm:AddrDetail>GANGOUR NAGAR</ITRForm:AddrDetail><ITRForm:CityOrTownOrDistrict>SRI GANGANAGAR</ITRForm:CityOrTownOrDistrict><ITRForm:StateCode>27</ITRForm:StateCode><ITRForm:CountryCode>91</ITRForm:CountryCode><ITRForm:PinCode>335001</ITRForm:PinCode></ITRForm:AddressDetailWithZipCode><ITRForm:SharePercentage>50.00</ITRForm:SharePercentage><ITRForm:PAN>ADCPT3907A</ITRForm:PAN><ITRForm:Status>IND_WORKING</ITRForm:Status><ITRForm:RateOfInterest>12.00</ITRForm:RateOfInterest><ITRForm:RemunerationPaid>192821</ITRForm:RemunerationPaid></ITRForm:PartnerOrMemberInfo><ITRForm:NatOfBus><ITRForm:NatureOfBusiness><ITRForm:Code>18009</ITRForm:Code><ITRForm:TradeName1>M/S KIVA HEALTHCARE</ITRForm:TradeName1><ITRForm:Description>HEALTH CARE SERVICES [Medical suppliers, agencies and stores]</ITRForm:Description></ITRForm:NatureOfBusiness></ITRForm:NatOfBus></ITRForm:PartA_GEN2><ITRForm:PARTA_BS><ITRForm:FundSrc><ITRForm:PartnerOrMemberFund><ITRForm:PartnerOrMemberCap>2680268</ITRForm:PartnerOrMemberCap><ITRForm:ResrNSurp><ITRForm:RevResr>0</ITRForm:RevResr><ITRForm:CapResr>0</ITRForm:CapResr><ITRForm:StatResr>0</ITRForm:StatResr><ITRForm:OthResr>0</ITRForm:OthResr><ITRForm:CreditBalOfPLAccount>0</ITRForm:CreditBalOfPLAccount><ITRForm:TotResrNSurp>0</ITRForm:TotResrNSurp></ITRForm:ResrNSurp><ITRForm:TotPartnerOrMemberFund>2680268</ITRForm:TotPartnerOrMemberFund></ITRForm:PartnerOrMemberFund><ITRForm:LoanFunds><ITRForm:SecrLoan><ITRForm:ForeignCurrLoan>0</ITRForm:ForeignCurrLoan><ITRForm:RupeeLoan><ITRForm:FrmBank>0</ITRForm:FrmBank><ITRForm:FrmOthrs>0</ITRForm:FrmOthrs><ITRForm:TotRupeeLoan>0</ITRForm:TotRupeeLoan></ITRForm:RupeeLoan><ITRForm:TotSecrLoan>0</ITRForm:TotSecrLoan></ITRForm:SecrLoan><ITRForm:UnsecrLoan><ITRForm:ForeignCurrencyLoans>0</ITRForm:ForeignCurrencyLoans><ITRForm:RupeeLoan><ITRForm:FrmBank>0</ITRForm:FrmBank><ITRForm:FrmPersonSpcfdUs40A2b>0</ITRForm:FrmPersonSpcfdUs40A2b><ITRForm:FrmOthrs>300000</ITRForm:FrmOthrs><ITRForm:TotRupeeLoan>300000</ITRForm:TotRupeeLoan></ITRForm:RupeeLoan><ITRForm:TotUnSecrLoan>300000</ITRForm:TotUnSecrLoan></ITRForm:UnsecrLoan><ITRForm:TotLoanFund>300000</ITRForm:TotLoanFund></ITRForm:LoanFunds><ITRForm:DeferredTax>0</ITRForm:DeferredTax><ITRForm:Advances><ITRForm:FrmPersonSpcfdUs40A2b>0</ITRForm:FrmPersonSpcfdUs40A2b><ITRForm:FrmOthers>0</ITRForm:FrmOthers><ITRForm:TotalAdvances>0</ITRForm:TotalAdvances></ITRForm:Advances><ITRForm:TotFundSrc>2980268</ITRForm:TotFundSrc></ITRForm:FundSrc><ITRForm:FundApply><ITRForm:FixedAsset><ITRForm:GrossBlock>143370</ITRForm:GrossBlock><ITRForm:Depreciation>0</ITRForm:Depreciation><ITRForm:NetBlock>143370</ITRForm:NetBlock><ITRForm:CapWrkProg>0</ITRForm:CapWrkProg><ITRForm:TotFixedAsset>143370</ITRForm:TotFixedAsset></ITRForm:FixedAsset><ITRForm:Investments><ITRForm:LongTermInv><ITRForm:InvInProperty>0</ITRForm:InvInProperty><ITRForm:EquityInstruments><ITRForm:ListedEquities>0</ITRForm:ListedEquities><ITRForm:UnListedEquities>0</ITRForm:UnListedEquities><ITRForm:Total>0</ITRForm:Total></ITRForm:EquityInstruments><ITRForm:PreferenceShares>0</ITRForm:PreferenceShares><ITRForm:GovtOrTrustSecurities>0</ITRForm:GovtOrTrustSecurities><ITRForm:DebenturesOrBonds>0</ITRForm:DebenturesOrBonds><ITRForm:MutualFunds>0</ITRForm:MutualFunds><ITRForm:Others>0</ITRForm:Others><ITRForm:TotLongTermInv>0</ITRForm:TotLongTermInv></ITRForm:LongTermInv><ITRForm:ShortTermInv><ITRForm:EquityInstruments><ITRForm:ListedEquities>0</ITRForm:ListedEquities><ITRForm:UnListedEquities>0</ITRForm:UnListedEquities><ITRForm:Total>0</ITRForm:Total></ITRForm:EquityInstruments><ITRForm:PreferenceShares>0</ITRForm:PreferenceShares><ITRForm:GovtOrTrustSecurities>0</ITRForm:GovtOrTrustSecurities><ITRForm:DebenturesOrBonds>0</ITRForm:DebenturesOrBonds><ITRForm:MutualFunds>0</ITRForm:MutualFunds><ITRForm:Others>0</ITRForm:Others><ITRForm:TotShortTermInv>0</ITRForm:TotShortTermInv></ITRForm:ShortTermInv><ITRForm:TotInvestments>0</ITRForm:TotInvestments></ITRForm:Investments><ITRForm:CurrAssetLoanAdv><ITRForm:CurrAsset><ITRForm:Inventories><ITRForm:RawMatl>0</ITRForm:RawMatl><ITRForm:WorkInProgress>0</ITRForm:WorkInProgress><ITRForm:FinOrTradGood>1765194</ITRForm:FinOrTradGood><ITRForm:StkInTrade>0</ITRForm:StkInTrade><ITRForm:StoresConsumables>0</ITRForm:StoresConsumables><ITRForm:LooseTools>0</ITRForm:LooseTools><ITRForm:Others>0</ITRForm:Others><ITRForm:TotInventries>1765194</ITRForm:TotInventries></ITRForm:Inventories><ITRForm:SundryDebtorDtls><ITRForm:OutstandindMorethanOneYr>0</ITRForm:OutstandindMorethanOneYr><ITRForm:Others>848109</ITRForm:Others><ITRForm:TotalSundryDebtors>848109</ITRForm:TotalSundryDebtors></ITRForm:SundryDebtorDtls><ITRForm:CashOrBankBal><ITRForm:BankBal>198520</ITRForm:BankBal><ITRForm:CashinHand>88822</ITRForm:CashinHand><ITRForm:Others>0</ITRForm:Others><ITRForm:TotCashOrBankBal>287342</ITRForm:TotCashOrBankBal></ITRForm:CashOrBankBal><ITRForm:OthCurrAsset>0</ITRForm:OthCurrAsset><ITRForm:TotCurrAsset>2900645</ITRForm:TotCurrAsset></ITRForm:CurrAsset><ITRForm:LoanAdv><ITRForm:AdvRecoverable>0</ITRForm:AdvRecoverable><ITRForm:Deposits>0</ITRForm:Deposits><ITRForm:BalWithRevAuth>20000</ITRForm:BalWithRevAuth><ITRForm:TotLoanAdv>20000</ITRForm:TotLoanAdv><ITRForm:LoanAdvIncluded><ITRForm:PurposeOFBusOrProf>0</ITRForm:PurposeOFBusOrProf><ITRForm:NotForPurposeOFBusOrProf>0</ITRForm:NotForPurposeOFBusOrProf></ITRForm:LoanAdvIncluded></ITRForm:LoanAdv><ITRForm:TotCurrAssetLoanAdv>2920645</ITRForm:TotCurrAssetLoanAdv><ITRForm:CurrLiabilitiesProv><ITRForm:CurrLiabilities><ITRForm:SundryCreditorDtls><ITRForm:OutstandindMorethanOneYr>0</ITRForm:OutstandindMorethanOneYr><ITRForm:Others>48068</ITRForm:Others><ITRForm:TotalSundryCreditors>48068</ITRForm:TotalSundryCreditors></ITRForm:SundryCreditorDtls><ITRForm:LiabForLeasedAsset>0</ITRForm:LiabForLeasedAsset><ITRForm:AccrIntonLeasedAsset>0</ITRForm:AccrIntonLeasedAsset><ITRForm:AccrIntNotDue>0</ITRForm:AccrIntNotDue><ITRForm:IncRecvdInAdv>0</ITRForm:IncRecvdInAdv><ITRForm:OtherPayables>35679</ITRForm:OtherPayables><ITRForm:TotCurrLiabilities>83747</ITRForm:TotCurrLiabilities></ITRForm:CurrLiabilities><ITRForm:Provisions><ITRForm:ITProvision>0</ITRForm:ITProvision><ITRForm:ELSuperAnnGratProvision>0</ITRForm:ELSuperAnnGratProvision><ITRForm:OthProvision>0</ITRForm:OthProvision><ITRForm:TotProvisions>0</ITRForm:TotProvisions></ITRForm:Provisions><ITRForm:TotCurrLiabilitiesProvision>83747</ITRForm:TotCurrLiabilitiesProvision></ITRForm:CurrLiabilitiesProv><ITRForm:NetCurrAsset>2836898</ITRForm:NetCurrAsset></ITRForm:CurrAssetLoanAdv><ITRForm:MiscAdjust><ITRForm:MiscExpndr>0</ITRForm:MiscExpndr><ITRForm:DefTaxAsset>0</ITRForm:DefTaxAsset><ITRForm:AccumultedLosses>0</ITRForm:AccumultedLosses><ITRForm:TotMiscAdjust>0</ITRForm:TotMiscAdjust></ITRForm:MiscAdjust><ITRForm:TotFundApply>2980268</ITRForm:TotFundApply></ITRForm:FundApply><ITRForm:NoBooksOfAccBS><ITRForm:TotSundryDbtAmt>0</ITRForm:TotSundryDbtAmt><ITRForm:TotSundryCrdAmt>0</ITRForm:TotSundryCrdAmt><ITRForm:TotStkInTradAmt>0</ITRForm:TotStkInTradAmt><ITRForm:CashBalAmt>0</ITRForm:CashBalAmt></ITRForm:NoBooksOfAccBS></ITRForm:PARTA_BS><ITRForm:ManufacturingAccount><ITRForm:OpeningInventory><ITRForm:OpngStckRawMat>0</ITRForm:OpngStckRawMat><ITRForm:OpngStckWrkinPrgrs>0</ITRForm:OpngStckWrkinPrgrs><ITRForm:OpngInvntryTotal>0</ITRForm:OpngInvntryTotal><ITRForm:Purchases>0</ITRForm:Purchases><ITRForm:DirectWages>0</ITRForm:DirectWages><ITRForm:DirectExpenses>0</ITRForm:DirectExpenses><ITRForm:CarriageInward>0</ITRForm:CarriageInward><ITRForm:PowerAndFuel>0</ITRForm:PowerAndFuel><ITRForm:OthDirectExpenses>0</ITRForm:OthDirectExpenses><ITRForm:IndirectWages>0</ITRForm:IndirectWages><ITRForm:FactoryRentAndRates>0</ITRForm:FactoryRentAndRates><ITRForm:FactoryInsurance>0</ITRForm:FactoryInsurance><ITRForm:FactoryFuelAndPower>0</ITRForm:FactoryFuelAndPower><ITRForm:FactoryGeneralExpenses>0</ITRForm:FactoryGeneralExpenses><ITRForm:DeprctnOfFactoryMachinery>0</ITRForm:DeprctnOfFactoryMachinery><ITRForm:TotalFactoryOverheads>0</ITRForm:TotalFactoryOverheads><ITRForm:TotalDebtsManfctrngAcc>0</ITRForm:TotalDebtsManfctrngAcc></ITRForm:OpeningInventory><ITRForm:ClosingStock><ITRForm:ClsngStckRawMaterial>0</ITRForm:ClsngStckRawMaterial><ITRForm:ClsngStckWrkInPrgrs>0</ITRForm:ClsngStckWrkInPrgrs><ITRForm:ClsngStckTotal>0</ITRForm:ClsngStckTotal></ITRForm:ClosingStock><ITRForm:CostOfGoodsPrdcd>0</ITRForm:CostOfGoodsPrdcd></ITRForm:ManufacturingAccount><ITRForm:TradingAccount><ITRForm:SaleOfGoods>5242986</ITRForm:SaleOfGoods><ITRForm:SaleOfServices>0</ITRForm:SaleOfServices><ITRForm:OperatingRevenueTotal>0</ITRForm:OperatingRevenueTotal><ITRForm:SalesGrossReceiptsTotal>5242986</ITRForm:SalesGrossReceiptsTotal><ITRForm:GrossRcptFromProfession>0</ITRForm:GrossRcptFromProfession><ITRForm:ExciseCustomsVAT><ITRForm:UnionExciseDuty>0</ITRForm:UnionExciseDuty><ITRForm:ServiceTax>0</ITRForm:ServiceTax><ITRForm:VATorSaleTax>0</ITRForm:VATorSaleTax><ITRForm:CentralGoodServiceTax>0</ITRForm:CentralGoodServiceTax><ITRForm:StateGoodServiceTax>0</ITRForm:StateGoodServiceTax><ITRForm:IntegratedGoodServiceTax>0</ITRForm:IntegratedGoodServiceTax><ITRForm:UnionTerrGoodServiceTax>0</ITRForm:UnionTerrGoodServiceTax><ITRForm:OthDutyTaxCess>0</ITRForm:OthDutyTaxCess><ITRForm:TotExciseCustomsVAT>0</ITRForm:TotExciseCustomsVAT></ITRForm:ExciseCustomsVAT><ITRForm:TotRevenueFrmOperations>5242986</ITRForm:TotRevenueFrmOperations><ITRForm:ClsngStckOfFinishedStcks>1765194</ITRForm:ClsngStckOfFinishedStcks><ITRForm:TardingAccTotCred>7008180</ITRForm:TardingAccTotCred><ITRForm:OpngStckOfFinishedStcks>1224677</ITRForm:OpngStckOfFinishedStcks><ITRForm:Purchases>2781442</ITRForm:Purchases><ITRForm:DirectExpenses>17282</ITRForm:DirectExpenses><ITRForm:CarriageInward>0</ITRForm:CarriageInward><ITRForm:PowerAndFuel>0</ITRForm:PowerAndFuel><ITRForm:OtherDirectExpenses><ITRForm:NatureOfDirectExpense>direct expense</ITRForm:NatureOfDirectExpense><ITRForm:Amount>17282</ITRForm:Amount></ITRForm:OtherDirectExpenses><ITRForm:DutyTaxPay><ITRForm:ExciseCustomsVAT><ITRForm:CustomDuty>0</ITRForm:CustomDuty><ITRForm:CounterVailDuty>0</ITRForm:CounterVailDuty><ITRForm:SplAddDuty>0</ITRForm:SplAddDuty><ITRForm:UnionExciseDuty>0</ITRForm:UnionExciseDuty><ITRForm:ServiceTax>0</ITRForm:ServiceTax><ITRForm:VATorSaleTax>0</ITRForm:VATorSaleTax><ITRForm:CentralGoodServiceTax>0</ITRForm:CentralGoodServiceTax><ITRForm:StateGoodServiceTax>0</ITRForm:StateGoodServiceTax><ITRForm:IntegratedGoodServiceTax>0</ITRForm:IntegratedGoodServiceTax><ITRForm:UnionTerrGoodServiceTax>0</ITRForm:UnionTerrGoodServiceTax><ITRForm:OthDutyTaxCess>0</ITRForm:OthDutyTaxCess><ITRForm:TotExciseCustomsVAT>0</ITRForm:TotExciseCustomsVAT></ITRForm:ExciseCustomsVAT></ITRForm:DutyTaxPay><ITRForm:GoodsCostPrdcdFrmMA>0</ITRForm:GoodsCostPrdcdFrmMA><ITRForm:GrossProfitFrmBusProf>2984779</ITRForm:GrossProfitFrmBusProf></ITRForm:TradingAccount><ITRForm:PARTA_PL><ITRForm:CreditsToPL><ITRForm:GrossProfitTrnsfFrmTrdAcc>2984779</ITRForm:GrossProfitTrnsfFrmTrdAcc><ITRForm:OthIncome><ITRForm:RentInc>0</ITRForm:RentInc><ITRForm:Comissions>0</ITRForm:Comissions><ITRForm:Dividends>0</ITRForm:Dividends><ITRForm:InterestInc>0</ITRForm:InterestInc><ITRForm:ProfitOnSaleFixedAsset>0</ITRForm:ProfitOnSaleFixedAsset><ITRForm:ProfitOnInvChrSTT>0</ITRForm:ProfitOnInvChrSTT><ITRForm:ProfitOnOthInv>0</ITRForm:ProfitOnOthInv><ITRForm:ProfitOnCurrFluct>0</ITRForm:ProfitOnCurrFluct><ITRForm:ProfitOnCnvInvntryToCapAsst>0</ITRForm:ProfitOnCnvInvntryToCapAsst><ITRForm:ProfitOnAgriIncome>0</ITRForm:ProfitOnAgriIncome><ITRForm:MiscOthIncome>0</ITRForm:MiscOthIncome><ITRForm:TotOthIncome>0</ITRForm:TotOthIncome></ITRForm:OthIncome><ITRForm:TotCreditsToPL>2984779</ITRForm:TotCreditsToPL></ITRForm:CreditsToPL><ITRForm:DebitsToPL><ITRForm:DebitPlAcnt><ITRForm:Freight>51613</ITRForm:Freight><ITRForm:ConsumptionOfStores>0</ITRForm:ConsumptionOfStores><ITRForm:PowerFuel>29610</ITRForm:PowerFuel><ITRForm:RentExpdr>36000</ITRForm:RentExpdr><ITRForm:RepairsBldg>0</ITRForm:RepairsBldg><ITRForm:RepairMach>0</ITRForm:RepairMach><ITRForm:EmployeeComp><ITRForm:SalsWages>942000</ITRForm:SalsWages><ITRForm:Bonus>0</ITRForm:Bonus><ITRForm:MedExpReimb>0</ITRForm:MedExpReimb><ITRForm:LeaveEncash>0</ITRForm:LeaveEncash><ITRForm:LeaveTravelBenft>0</ITRForm:LeaveTravelBenft><ITRForm:ContToSuperAnnFund>0</ITRForm:ContToSuperAnnFund><ITRForm:ContToPF>0</ITRForm:ContToPF><ITRForm:ContToGratFund>0</ITRForm:ContToGratFund><ITRForm:ContToOthFund>0</ITRForm:ContToOthFund><ITRForm:OthEmpBenftExpdr>0</ITRForm:OthEmpBenftExpdr><ITRForm:TotEmployeeComp>942000</ITRForm:TotEmployeeComp><ITRForm:AnyCompPaidToNonRes>N</ITRForm:AnyCompPaidToNonRes><ITRForm:AmtPaidToNonRes>0</ITRForm:AmtPaidToNonRes></ITRForm:EmployeeComp><ITRForm:Insurances><ITRForm:MedInsur>0</ITRForm:MedInsur><ITRForm:LifeInsur>0</ITRForm:LifeInsur><ITRForm:KeyManInsur>0</ITRForm:KeyManInsur><ITRForm:OthInsur>0</ITRForm:OthInsur><ITRForm:TotInsurances>0</ITRForm:TotInsurances></ITRForm:Insurances><ITRForm:StaffWelfareExp>0</ITRForm:StaffWelfareExp><ITRForm:Entertainment>0</ITRForm:Entertainment><ITRForm:Hospitality>0</ITRForm:Hospitality><ITRForm:Conference>0</ITRForm:Conference><ITRForm:SalePromoExp>0</ITRForm:SalePromoExp><ITRForm:Advertisement>0</ITRForm:Advertisement><ITRForm:CommissionExpdrDtls><ITRForm:NonResOtherCompany>0</ITRForm:NonResOtherCompany><ITRForm:Others>0</ITRForm:Others><ITRForm:Total>0</ITRForm:Total></ITRForm:CommissionExpdrDtls><ITRForm:RoyalityDtls><ITRForm:NonResOtherCompany>0</ITRForm:NonResOtherCompany><ITRForm:Others>0</ITRForm:Others><ITRForm:Total>0</ITRForm:Total></ITRForm:RoyalityDtls><ITRForm:ProfessionalConstDtls><ITRForm:NonResOtherCompany>0</ITRForm:NonResOtherCompany><ITRForm:Others>0</ITRForm:Others><ITRForm:Total>0</ITRForm:Total></ITRForm:ProfessionalConstDtls><ITRForm:HotelBoardLodge>0</ITRForm:HotelBoardLodge><ITRForm:TravelExp>321604</ITRForm:TravelExp><ITRForm:ForeignTravelExp>0</ITRForm:ForeignTravelExp><ITRForm:ConveyanceExp>0</ITRForm:ConveyanceExp><ITRForm:TelephoneExp>4764</ITRForm:TelephoneExp><ITRForm:GuestHouseExp>0</ITRForm:GuestHouseExp><ITRForm:ClubExp>0</ITRForm:ClubExp><ITRForm:FestivalCelebExp>0</ITRForm:FestivalCelebExp><ITRForm:Scholarship>0</ITRForm:Scholarship><ITRForm:Gift>0</ITRForm:Gift><ITRForm:Donation>0</ITRForm:Donation><ITRForm:RatesTaxesPays><ITRForm:ExciseCustomsVAT><ITRForm:UnionExciseDuty>0</ITRForm:UnionExciseDuty><ITRForm:ServiceTax>0</ITRForm:ServiceTax><ITRForm:VATorSaleTax>0</ITRForm:VATorSaleTax><ITRForm:Cess>0</ITRForm:Cess><ITRForm:CentralGoodServiceTax>0</ITRForm:CentralGoodServiceTax><ITRForm:StateGoodServiceTax>0</ITRForm:StateGoodServiceTax><ITRForm:IntegratedGoodServiceTax>0</ITRForm:IntegratedGoodServiceTax><ITRForm:UnionTerrGoodServiceTax>0</ITRForm:UnionTerrGoodServiceTax><ITRForm:OthDutyTaxCess>0</ITRForm:OthDutyTaxCess><ITRForm:TotExciseCustomsVAT>0</ITRForm:TotExciseCustomsVAT></ITRForm:ExciseCustomsVAT></ITRForm:RatesTaxesPays><ITRForm:AuditFee>25100</ITRForm:AuditFee><ITRForm:SalRemuneration>385642</ITRForm:SalRemuneration><ITRForm:OtherExpensesDtls><ITRForm:ExpenseNature>BANK CHARGES</ITRForm:ExpenseNature><ITRForm:Amount>788</ITRForm:Amount></ITRForm:OtherExpensesDtls><ITRForm:OtherExpensesDtls><ITRForm:ExpenseNature>COURIER AND POSTAGE</ITRForm:ExpenseNature><ITRForm:Amount>10940</ITRForm:Amount></ITRForm:OtherExpensesDtls><ITRForm:OtherExpensesDtls><ITRForm:ExpenseNature>DISCOUNT</ITRForm:ExpenseNature><ITRForm:Amount>25211</ITRForm:Amount></ITRForm:OtherExpensesDtls><ITRForm:OtherExpensesDtls><ITRForm:ExpenseNature>OFFICE EXPENSE</ITRForm:ExpenseNature><ITRForm:Amount>157336</ITRForm:Amount></ITRForm:OtherExpensesDtls><ITRForm:OtherExpensesDtls><ITRForm:ExpenseNature>CONVEYNANCE</ITRForm:ExpenseNature><ITRForm:Amount>42610</ITRForm:Amount></ITRForm:OtherExpensesDtls><ITRForm:OtherExpensesDtls><ITRForm:ExpenseNature>PRINTING AND STATIONERY EXPENSE</ITRForm:ExpenseNature><ITRForm:Amount>21100</ITRForm:Amount></ITRForm:OtherExpensesDtls><ITRForm:OtherExpensesDtls><ITRForm:ExpenseNature>SALES PROMOTION</ITRForm:ExpenseNature><ITRForm:Amount>315776</ITRForm:Amount></ITRForm:OtherExpensesDtls><ITRForm:OtherExpensesDtls><ITRForm:ExpenseNature>TA DA EXPENSE</ITRForm:ExpenseNature><ITRForm:Amount>192530</ITRForm:Amount></ITRForm:OtherExpensesDtls><ITRForm:OtherExpensesDtls><ITRForm:ExpenseNature>TRADE MARK EXPENSE</ITRForm:ExpenseNature><ITRForm:Amount>12000</ITRForm:Amount></ITRForm:OtherExpensesDtls><ITRForm:OtherExpensesDtls><ITRForm:ExpenseNature>WEBSITE EXPENSE</ITRForm:ExpenseNature><ITRForm:Amount>15000</ITRForm:Amount></ITRForm:OtherExpensesDtls><ITRForm:OtherExpenses>793291</ITRForm:OtherExpenses><ITRForm:BadDebtDtls><ITRForm:OthersAmtLt1Lakh>0</ITRForm:OthersAmtLt1Lakh><ITRForm:BadDebt>0</ITRForm:BadDebt></ITRForm:BadDebtDtls><ITRForm:ProvForBadDoubtDebt>0</ITRForm:ProvForBadDoubtDebt><ITRForm:OthProvisionsExpdr>0</ITRForm:OthProvisionsExpdr><ITRForm:PBIDTA>395155</ITRForm:PBIDTA><ITRForm:InterestExpdrtDtls><ITRForm:NonResOtherCompany>0</ITRForm:NonResOtherCompany><ITRForm:Others>0</ITRForm:Others><ITRForm:ResPartners>254560</ITRForm:ResPartners><ITRForm:ResOthers>0</ITRForm:ResOthers><ITRForm:InterestExpdr>254560</ITRForm:InterestExpdr></ITRForm:InterestExpdrtDtls><ITRForm:DepreciationAmort>33499</ITRForm:DepreciationAmort><ITRForm:PBT>107096</ITRForm:PBT></ITRForm:DebitPlAcnt><ITRForm:TaxProvAppr><ITRForm:ProvForCurrTax>0</ITRForm:ProvForCurrTax><ITRForm:ProvDefTax>0</ITRForm:ProvDefTax><ITRForm:ProfitAfterTax>107096</ITRForm:ProfitAfterTax><ITRForm:BalBFPrevYr>0</ITRForm:BalBFPrevYr><ITRForm:AmtAvlAppr>107096</ITRForm:AmtAvlAppr><ITRForm:Appropriations><ITRForm:TrfToReserves>0</ITRForm:TrfToReserves></ITRForm:Appropriations><ITRForm:PartnerAccBalTrf>107096</ITRForm:PartnerAccBalTrf></ITRForm:TaxProvAppr></ITRForm:DebitsToPL><ITRForm:PersumptiveInc44AD><ITRForm:GrsTrnOverOrReceipt>0</ITRForm:GrsTrnOverOrReceipt><ITRForm:GrsTrnOverBank>0</ITRForm:GrsTrnOverBank><ITRForm:GrsTrnOverAnyOthMode>0</ITRForm:GrsTrnOverAnyOthMode><ITRForm:TotPersumptiveInc44AD>0</ITRForm:TotPersumptiveInc44AD><ITRForm:PersumptiveInc44AD6Per>0</ITRForm:PersumptiveInc44AD6Per><ITRForm:PersumptiveInc44AD8Per>0</ITRForm:PersumptiveInc44AD8Per></ITRForm:PersumptiveInc44AD><ITRForm:PersumptiveInc44ADA><ITRForm:GrsReceipt>0</ITRForm:GrsReceipt><ITRForm:TotPersumptiveInc44ADA>0</ITRForm:TotPersumptiveInc44ADA></ITRForm:PersumptiveInc44ADA><ITRForm:TotalNumOfMonths>0</ITRForm:TotalNumOfMonths><ITRForm:TotalPrsumptvIncUs44EGoods>0</ITRForm:TotalPrsumptvIncUs44EGoods><ITRForm:TotalPrsumptvIncGCUs44E>0</ITRForm:TotalPrsumptvIncGCUs44E><ITRForm:SalRemrtnToPartnerFirm>0</ITRForm:SalRemrtnToPartnerFirm><ITRForm:TotalPrsumptvIncUs44E>0</ITRForm:TotalPrsumptvIncUs44E><ITRForm:NoBooksOfAccPL><ITRForm:GrossReceipt>0</ITRForm:GrossReceipt><ITRForm:GrsRcptAccPayeeOrBankMode>0</ITRForm:GrsRcptAccPayeeOrBankMode><ITRForm:GrsRcptOtherMode>0</ITRForm:GrsRcptOtherMode><ITRForm:GrossProfit>0</ITRForm:GrossProfit><ITRForm:Expenses>0</ITRForm:Expenses><ITRForm:NetProfit>0</ITRForm:NetProfit><ITRForm:GrossReceiptPrf>0</ITRForm:GrossReceiptPrf><ITRForm:GrsRcptAccPayeeOrBankModePrf>0</ITRForm:GrsRcptAccPayeeOrBankModePrf><ITRForm:GrsRcptOtherModePrf>0</ITRForm:GrsRcptOtherModePrf><ITRForm:GrossProfitPrf>0</ITRForm:GrossProfitPrf><ITRForm:ExpensesPrf>0</ITRForm:ExpensesPrf><ITRForm:NetProfitPrf>0</ITRForm:NetProfitPrf><ITRForm:TotBusinessProfession>0</ITRForm:TotBusinessProfession></ITRForm:NoBooksOfAccPL><ITRForm:TurnverFrmSpecActivity>0</ITRForm:TurnverFrmSpecActivity><ITRForm:GrossProfit>0</ITRForm:GrossProfit><ITRForm:Expenditure>0</ITRForm:Expenditure><ITRForm:NetIncomeFrmSpecActivity>0</ITRForm:NetIncomeFrmSpecActivity></ITRForm:PARTA_PL><ITRForm:PARTA_OI><ITRForm:MethodOfAcct>MERC</ITRForm:MethodOfAcct><ITRForm:ChangeInAcctMethFlg>N</ITRForm:ChangeInAcctMethFlg><ITRForm:ProfDeviatDueAcctMeth>0</ITRForm:ProfDeviatDueAcctMeth><ITRForm:DecProOrIncLossUs145_2>0</ITRForm:DecProOrIncLossUs145_2><ITRForm:MethodOfValClgStk><ITRForm:ValRawMaterial>1</ITRForm:ValRawMaterial><ITRForm:ValFinishedGoods>1</ITRForm:ValFinishedGoods><ITRForm:ChngStockValMetFlg>N</ITRForm:ChngStockValMetFlg><ITRForm:EffectOnPL>0</ITRForm:EffectOnPL><ITRForm:DecProOrIncLossUs145_A>0</ITRForm:DecProOrIncLossUs145_A></ITRForm:MethodOfValClgStk><ITRForm:NoCredToPLAmt><ITRForm:Section28Items>0</ITRForm:Section28Items><ITRForm:ProformaCreditsDue>0</ITRForm:ProformaCreditsDue><ITRForm:PrevYrEscalClaim>0</ITRForm:PrevYrEscalClaim><ITRForm:OthItemInc>0</ITRForm:OthItemInc><ITRForm:CapReceipt>0</ITRForm:CapReceipt><ITRForm:TotNoCredToPLAmt>0</ITRForm:TotNoCredToPLAmt></ITRForm:NoCredToPLAmt><ITRForm:AmtDisallUs36><ITRForm:StkInsurPrem>0</ITRForm:StkInsurPrem><ITRForm:EmpHealthInsurPrem>0</ITRForm:EmpHealthInsurPrem><ITRForm:EmpBonusCommSum>0</ITRForm:EmpBonusCommSum><ITRForm:IntOnBorrCap>0</ITRForm:IntOnBorrCap><ITRForm:ZeroCoupBondDisc>0</ITRForm:ZeroCoupBondDisc><ITRForm:RecogPFContribAmt>0</ITRForm:RecogPFContribAmt><ITRForm:AppSuperAnnFundAmt>0</ITRForm:AppSuperAnnFundAmt><ITRForm:PensionSchemeSec80CCD>0</ITRForm:PensionSchemeSec80CCD><ITRForm:AppGratFundAmt>0</ITRForm:AppGratFundAmt><ITRForm:OthFundAmt>0</ITRForm:OthFundAmt><ITRForm:EmpContributionCredits>0</ITRForm:EmpContributionCredits><ITRForm:BadDebtDoubtAmt>0</ITRForm:BadDebtDoubtAmt><ITRForm:BadDebtDoubtProvn>0</ITRForm:BadDebtDoubtProvn><ITRForm:SpecResrvTranfr>0</ITRForm:SpecResrvTranfr><ITRForm:FamPlanPromoExp>0</ITRForm:FamPlanPromoExp><ITRForm:SecuritiesPaidAmt>0</ITRForm:SecuritiesPaidAmt><ITRForm:MrktLossOthExpLossICDS>0</ITRForm:MrktLossOthExpLossICDS><ITRForm:ExpGovtApprovedSugarPrice>0</ITRForm:ExpGovtApprovedSugarPrice><ITRForm:AnyOthDisallowance>0</ITRForm:AnyOthDisallowance><ITRForm:TotAmtDisallUs36>0</ITRForm:TotAmtDisallUs36><ITRForm:NoOfEmployeesEmployed><ITRForm:DeployedInIndia>0</ITRForm:DeployedInIndia><ITRForm:DeployedOutSideIndia>0</ITRForm:DeployedOutSideIndia><ITRForm:Total>0</ITRForm:Total></ITRForm:NoOfEmployeesEmployed></ITRForm:AmtDisallUs36><ITRForm:AmtDisallUs37><ITRForm:CapitalNatureExp>0</ITRForm:CapitalNatureExp><ITRForm:PersonalExp>0</ITRForm:PersonalExp><ITRForm:BusOrProfessnExp>0</ITRForm:BusOrProfessnExp><ITRForm:PoliticPartyExp>0</ITRForm:PoliticPartyExp><ITRForm:LawVoilatPenalExp>0</ITRForm:LawVoilatPenalExp><ITRForm:OthPenalFineExp>0</ITRForm:OthPenalFineExp><ITRForm:OffenceExp>0</ITRForm:OffenceExp><ITRForm:ContigentLiability>0</ITRForm:ContigentLiability><ITRForm:OthAmtNotAllowUs37>0</ITRForm:OthAmtNotAllowUs37><ITRForm:TotAmtDisallUs37>0</ITRForm:TotAmtDisallUs37></ITRForm:AmtDisallUs37><ITRForm:AmtDisallUs40><ITRForm:NonCompChapXVIIBAmt>0</ITRForm:NonCompChapXVIIBAmt><ITRForm:NonComp40aiiChapXVIIBAmt>0</ITRForm:NonComp40aiiChapXVIIBAmt><ITRForm:NonComp40aibChapXVIIBAmt>0</ITRForm:NonComp40aibChapXVIIBAmt><ITRForm:NonComp40aiiiChapXVIIBAmt>0</ITRForm:NonComp40aiiiChapXVIIBAmt><ITRForm:TaxAmtOnProfits>0</ITRForm:TaxAmtOnProfits><ITRForm:WTAmt>0</ITRForm:WTAmt><ITRForm:RolyatyOrServiceFee>0</ITRForm:RolyatyOrServiceFee><ITRForm:IntSalBonPartner>0</ITRForm:IntSalBonPartner><ITRForm:AnyOthDisallowance>0</ITRForm:AnyOthDisallowance><ITRForm:TotAmtDisallUs40>0</ITRForm:TotAmtDisallUs40><ITRForm:AnyAmtOfSec40AllowPrevYr>0</ITRForm:AnyAmtOfSec40AllowPrevYr></ITRForm:AmtDisallUs40><ITRForm:AmtDisallUs40A><ITRForm:AmtPaidUs40A2b>0</ITRForm:AmtPaidUs40A2b><ITRForm:AmtGT20kCash>0</ITRForm:AmtGT20kCash><ITRForm:ProvPmtGrat>0</ITRForm:ProvPmtGrat><ITRForm:ContToSetupTrust>0</ITRForm:ContToSetupTrust><ITRForm:AnyOthDisallowance>0</ITRForm:AnyOthDisallowance><ITRForm:TotAmtDisallUs40A>0</ITRForm:TotAmtDisallUs40A></ITRForm:AmtDisallUs40A><ITRForm:AmtDisallUs43BPyNowAll><ITRForm:AmtUs43B><ITRForm:TaxDutyCesAmt>0</ITRForm:TaxDutyCesAmt><ITRForm:ContToEmpPFSFGF>0</ITRForm:ContToEmpPFSFGF><ITRForm:EmpBonusComm>0</ITRForm:EmpBonusComm><ITRForm:IntPayaleToFI>0</ITRForm:IntPayaleToFI><ITRForm:IntPayaleToFISchBank>0</ITRForm:IntPayaleToFISchBank><ITRForm:LeaveEncashPayable>0</ITRForm:LeaveEncashPayable><ITRForm:RailwayAsstsPyble>0</ITRForm:RailwayAsstsPyble><ITRForm:TotAmtUs43b>0</ITRForm:TotAmtUs43b></ITRForm:AmtUs43B></ITRForm:AmtDisallUs43BPyNowAll><ITRForm:AmtDisall43B><ITRForm:AmtUs43B><ITRForm:TaxDutyCesAmt>0</ITRForm:TaxDutyCesAmt><ITRForm:ContToEmpPFSFGF>0</ITRForm:ContToEmpPFSFGF><ITRForm:EmpBonusComm>0</ITRForm:EmpBonusComm><ITRForm:IntPayaleToFI>0</ITRForm:IntPayaleToFI><ITRForm:IntPayaleToFISchBank>0</ITRForm:IntPayaleToFISchBank><ITRForm:LeaveEncashPayable>0</ITRForm:LeaveEncashPayable><ITRForm:RailwayAsstsPyble>0</ITRForm:RailwayAsstsPyble><ITRForm:TotAmtUs43b>0</ITRForm:TotAmtUs43b></ITRForm:AmtUs43B></ITRForm:AmtDisall43B><ITRForm:AmtExciseCustomsVATOutstanding><ITRForm:ExciseCustomsVAT><ITRForm:UnionExciseDuty>0</ITRForm:UnionExciseDuty><ITRForm:ServiceTax>0</ITRForm:ServiceTax><ITRForm:VATorSaleTax>0</ITRForm:VATorSaleTax><ITRForm:CentralGoodServiceTax>0</ITRForm:CentralGoodServiceTax><ITRForm:StateGoodServiceTax>0</ITRForm:StateGoodServiceTax><ITRForm:IntegratedGoodServiceTax>0</ITRForm:IntegratedGoodServiceTax><ITRForm:UnionTerrGoodServiceTax>0</ITRForm:UnionTerrGoodServiceTax><ITRForm:OthDutyTaxCess>0</ITRForm:OthDutyTaxCess><ITRForm:TotExciseCustomsVAT>0</ITRForm:TotExciseCustomsVAT></ITRForm:ExciseCustomsVAT></ITRForm:AmtExciseCustomsVATOutstanding><ITRForm:DeemedProfUs33ABs>0</ITRForm:DeemedProfUs33ABs><ITRForm:DeemedProfUs33AB>0</ITRForm:DeemedProfUs33AB><ITRForm:DeemedProfUs33ABA>0</ITRForm:DeemedProfUs33ABA><ITRForm:DeemedProfUs33AC>0</ITRForm:DeemedProfUs33AC><ITRForm:ProfTaxAmtUs41>0</ITRForm:ProfTaxAmtUs41><ITRForm:PriorAmtIncCrDrPL>0</ITRForm:PriorAmtIncCrDrPL><ITRForm:AmountOfExpDisAllwUs14A>0</ITRForm:AmountOfExpDisAllwUs14A></ITRForm:PARTA_OI><ITRForm:PARTA_QD /><ITRForm:CorpScheduleBP><ITRForm:BusinessIncOthThanSpec><ITRForm:ProfBfrTaxPL>107096</ITRForm:ProfBfrTaxPL><ITRForm:NetPLFromSpecBus>0</ITRForm:NetPLFromSpecBus><ITRForm:NetProfLossSpecifiedBus>0</ITRForm:NetProfLossSpecifiedBus><ITRForm:IncRecCredPLOthHeadDtls><ITRForm:HouseProperty>0</ITRForm:HouseProperty><ITRForm:CapitalGains>0</ITRForm:CapitalGains><ITRForm:OtherSources>0</ITRForm:OtherSources><ITRForm:UnderSec115BBF>0</ITRForm:UnderSec115BBF><ITRForm:UnderSec115BBG>0</ITRForm:UnderSec115BBG></ITRForm:IncRecCredPLOthHeadDtls><ITRForm:PLUs44sChapXIIGOthrUs115B>0</ITRForm:PLUs44sChapXIIGOthrUs115B><ITRForm:ProfitLossInclRefrdSec><ITRForm:ProfitLossUs44AD>0</ITRForm:ProfitLossUs44AD><ITRForm:ProfitLossUs44ADA>0</ITRForm:ProfitLossUs44ADA><ITRForm:ProfitLossUs44AE>0</ITRForm:ProfitLossUs44AE><ITRForm:ProfitLossUs44B>0</ITRForm:ProfitLossUs44B><ITRForm:ProfitLossUs44BB>0</ITRForm:ProfitLossUs44BB><ITRForm:ProfitLossUs44BBA>0</ITRForm:ProfitLossUs44BBA><ITRForm:ProfitLossUs44BBB>0</ITRForm:ProfitLossUs44BBB><ITRForm:ProfitLossUs44D>0</ITRForm:ProfitLossUs44D><ITRForm:ProfitLossUs44DA>0</ITRForm:ProfitLossUs44DA><ITRForm:ProfitLossUs44DB>0</ITRForm:ProfitLossUs44DB><ITRForm:FirstSchITActOthr115B>0</ITRForm:FirstSchITActOthr115B></ITRForm:ProfitLossInclRefrdSec><ITRForm:PLUs44sChapXIIGUs115B>0</ITRForm:PLUs44sChapXIIGUs115B><ITRForm:TotalProfitFrmActCvrd>0</ITRForm:TotalProfitFrmActCvrd><ITRForm:ProfitFrmActCvrd><ITRForm:ProfitFrmActCvrdUndrRule7>0</ITRForm:ProfitFrmActCvrdUndrRule7><ITRForm:ProfitFrmActCvrdUndrRule7A>0</ITRForm:ProfitFrmActCvrdUndrRule7A><ITRForm:ProfitFrmActCvrdUndrRule7B1>0</ITRForm:ProfitFrmActCvrdUndrRule7B1><ITRForm:ProfitFrmActCvrdUndrRule7B1A>0</ITRForm:ProfitFrmActCvrdUndrRule7B1A><ITRForm:ProfitFrmActCvrdUndrRule8>0</ITRForm:ProfitFrmActCvrdUndrRule8></ITRForm:ProfitFrmActCvrd><ITRForm:IncCredPL><ITRForm:FirmShareInc>0</ITRForm:FirmShareInc><ITRForm:AOPBOISharInc>0</ITRForm:AOPBOISharInc><ITRForm:OthExempInc>0</ITRForm:OthExempInc><ITRForm:TotExempInc>0</ITRForm:TotExempInc></ITRForm:IncCredPL><ITRForm:BalancePLOthThanSpecBus>107096</ITRForm:BalancePLOthThanSpecBus><ITRForm:ExpDebToPLOthHeadDtls><ITRForm:HouseProperty>0</ITRForm:HouseProperty><ITRForm:CapitalGains>0</ITRForm:CapitalGains><ITRForm:OtherSources>0</ITRForm:OtherSources><ITRForm:UnderSec115BBF>0</ITRForm:UnderSec115BBF><ITRForm:UnderSec115BBG>0</ITRForm:UnderSec115BBG></ITRForm:ExpDebToPLOthHeadDtls><ITRForm:ExpDebToPLExemptInc>0</ITRForm:ExpDebToPLExemptInc><ITRForm:ExpDebToPLExemptIncDisAllwUs14A>0</ITRForm:ExpDebToPLExemptIncDisAllwUs14A><ITRForm:TotExpDebPL>0</ITRForm:TotExpDebPL><ITRForm:AdjustedPLOthThanSpecBus>107096</ITRForm:AdjustedPLOthThanSpecBus><ITRForm:DepreciationDebPLCosAct>33499</ITRForm:DepreciationDebPLCosAct><ITRForm:DepreciationAllowITAct32><ITRForm:DepreciationAllowUs32_1_ii>33500</ITRForm:DepreciationAllowUs32_1_ii><ITRForm:DepreciationAllowUs32_1_i>0</ITRForm:DepreciationAllowUs32_1_i><ITRForm:TotDeprAllowITAct>33500</ITRForm:TotDeprAllowITAct></ITRForm:DepreciationAllowITAct32><ITRForm:AdjustPLAfterDeprOthSpecInc>107095</ITRForm:AdjustPLAfterDeprOthSpecInc><ITRForm:AmtDebPLDisallowUs36>0</ITRForm:AmtDebPLDisallowUs36><ITRForm:AmtDebPLDisallowUs37>0</ITRForm:AmtDebPLDisallowUs37><ITRForm:AmtDebPLDisallowUs40>0</ITRForm:AmtDebPLDisallowUs40><ITRForm:AmtDebPLDisallowUs40A>0</ITRForm:AmtDebPLDisallowUs40A><ITRForm:AmtDebPLDisallowUs43B>0</ITRForm:AmtDebPLDisallowUs43B><ITRForm:InterestDisAllowUs23SMEAct>0</ITRForm:InterestDisAllowUs23SMEAct><ITRForm:DeemIncUs41>0</ITRForm:DeemIncUs41><ITRForm:DeemIncUs3380HHD80IA>0</ITRForm:DeemIncUs3380HHD80IA><ITRForm:DeemIncUs32AC>0</ITRForm:DeemIncUs32AC><ITRForm:DeemIncUs32AD>0</ITRForm:DeemIncUs32AD><ITRForm:DeemIncUs33AB>0</ITRForm:DeemIncUs33AB><ITRForm:DeemIncUs33ABA>0</ITRForm:DeemIncUs33ABA><ITRForm:DeemIncUs35ABA>0</ITRForm:DeemIncUs35ABA><ITRForm:DeemIncUs35ABB>0</ITRForm:DeemIncUs35ABB><ITRForm:DeemIncUs35AC>0</ITRForm:DeemIncUs35AC><ITRForm:DeemIncUs40A3A>0</ITRForm:DeemIncUs40A3A><ITRForm:DeemIncUs33AC>0</ITRForm:DeemIncUs33AC><ITRForm:DeemIncUs72A>0</ITRForm:DeemIncUs72A><ITRForm:DeemIncUs80HHD>0</ITRForm:DeemIncUs80HHD><ITRForm:DeemIncUs80IA>0</ITRForm:DeemIncUs80IA><ITRForm:DeemIncUs43CA>0</ITRForm:DeemIncUs43CA><ITRForm:OthItemDisallowUs28To44DB>0</ITRForm:OthItemDisallowUs28To44DB><ITRForm:AnyOthIncNotInclInExpDisallowPL>0</ITRForm:AnyOthIncNotInclInExpDisallowPL><ITRForm:SalaryExpDisallowPL>0</ITRForm:SalaryExpDisallowPL><ITRForm:BonusExpDisallowPL>0</ITRForm:BonusExpDisallowPL><ITRForm:CommissionExpDisallowPL>0</ITRForm:CommissionExpDisallowPL><ITRForm:InterestExpDisallowPL>0</ITRForm:InterestExpDisallowPL><ITRForm:OthersExpDisallowPL>0</ITRForm:OthersExpDisallowPL><ITRForm:IncProfDecLossAccICDSAdj>0</ITRForm:IncProfDecLossAccICDSAdj><ITRForm:TotAfterAddToPLDeprOthSpecInc>0</ITRForm:TotAfterAddToPLDeprOthSpecInc><ITRForm:DeductUs32_1_iii>0</ITRForm:DeductUs32_1_iii><ITRForm:DeductUs32AD>0</ITRForm:DeductUs32AD><ITRForm:DebPLUs35ExcessAmt>0</ITRForm:DebPLUs35ExcessAmt><ITRForm:AmtDisallUs40NowAllow>0</ITRForm:AmtDisallUs40NowAllow><ITRForm:AmtDisallUs43BNowAllow>0</ITRForm:AmtDisallUs43BNowAllow><ITRForm:AnyOthAmtAllDeduct>0</ITRForm:AnyOthAmtAllDeduct><ITRForm:DecProfIncLossAccICDSAdj>0</ITRForm:DecProfIncLossAccICDSAdj><ITRForm:TotDeductionAmts>0</ITRForm:TotDeductionAmts><ITRForm:PLAftAdjDedBusOthThanSpec>107095</ITRForm:PLAftAdjDedBusOthThanSpec><ITRForm:DeemedProfitBusUs><ITRForm:Section44AD>0</ITRForm:Section44AD><ITRForm:Section44ADA>0</ITRForm:Section44ADA><ITRForm:Section44AE>0</ITRForm:Section44AE><ITRForm:Section44B>0</ITRForm:Section44B><ITRForm:Section44BB>0</ITRForm:Section44BB><ITRForm:Section44BBA>0</ITRForm:Section44BBA><ITRForm:Section44BBB>0</ITRForm:Section44BBB><ITRForm:Section44D>0</ITRForm:Section44D><ITRForm:Section44DA>0</ITRForm:Section44DA><ITRForm:Section44DB>0</ITRForm:Section44DB><ITRForm:FirstSchTActOther>0</ITRForm:FirstSchTActOther><ITRForm:TotDeemedProfitBusUs>0</ITRForm:TotDeemedProfitBusUs></ITRForm:DeemedProfitBusUs><ITRForm:NetPLAftAdjBusOthThanSpec>107095</ITRForm:NetPLAftAdjBusOthThanSpec><ITRForm:NetPLBusOthThanSpec7A7B7C>107095</ITRForm:NetPLBusOthThanSpec7A7B7C><ITRForm:ChrgblIncUndrRule7>0</ITRForm:ChrgblIncUndrRule7><ITRForm:DeemedChrgblIncUndrRule7A>0</ITRForm:DeemedChrgblIncUndrRule7A><ITRForm:DeemedChrgblIncUndrRule7B1>0</ITRForm:DeemedChrgblIncUndrRule7B1><ITRForm:DeemedChrgblIncUndrRule7B1A>0</ITRForm:DeemedChrgblIncUndrRule7B1A><ITRForm:DeemedChrgblIncUndrRule8>0</ITRForm:DeemedChrgblIncUndrRule8><ITRForm:IncomeOtherThanRule>107095</ITRForm:IncomeOtherThanRule><ITRForm:BalIncDeemedFrmAgri>0</ITRForm:BalIncDeemedFrmAgri></ITRForm:BusinessIncOthThanSpec><ITRForm:SpecBusinessInc><ITRForm:NetPLFrmSpecBus>0</ITRForm:NetPLFrmSpecBus><ITRForm:AdditionUs28to44DB>0</ITRForm:AdditionUs28to44DB><ITRForm:DeductUs28to44DB>0</ITRForm:DeductUs28to44DB><ITRForm:AdjustedPLFrmSpecuBus>0</ITRForm:AdjustedPLFrmSpecuBus></ITRForm:SpecBusinessInc><ITRForm:IncSpecifiedBusiness><ITRForm:NetPLFrmSpecifiedBus>0</ITRForm:NetPLFrmSpecifiedBus><ITRForm:AddSec28to44DB>0</ITRForm:AddSec28to44DB><ITRForm:DedSec28to44DBOTDedSec35AD>0</ITRForm:DedSec28to44DBOTDedSec35AD><ITRForm:ProfitLossSpecifiedBusiness>0</ITRForm:ProfitLossSpecifiedBusiness><ITRForm:DedSec35AD>0</ITRForm:DedSec35AD><ITRForm:ProfitLossSpecifiedBusFinal>0</ITRForm:ProfitLossSpecifiedBusFinal></ITRForm:IncSpecifiedBusiness><ITRForm:IncChrgUnHdProftGain>107095</ITRForm:IncChrgUnHdProftGain><ITRForm:BusSetoffCurrYr><ITRForm:LossSetOffOnBusLoss>0</ITRForm:LossSetOffOnBusLoss><ITRForm:SpeculativeInc><ITRForm:IncOfCurYrUnderThatHead>0</ITRForm:IncOfCurYrUnderThatHead><ITRForm:BusLossSetoff>0</ITRForm:BusLossSetoff><ITRForm:IncOfCurYrAfterSetOff>0</ITRForm:IncOfCurYrAfterSetOff></ITRForm:SpeculativeInc><ITRForm:SpecifiedInc><ITRForm:IncOfCurYrUnderThatHead>0</ITRForm:IncOfCurYrUnderThatHead><ITRForm:BusLossSetoff>0</ITRForm:BusLossSetoff><ITRForm:IncOfCurYrAfterSetOff>0</ITRForm:IncOfCurYrAfterSetOff></ITRForm:SpecifiedInc><ITRForm:ProfGainUs115B><ITRForm:IncOfCurYrUnderThatHead>0</ITRForm:IncOfCurYrUnderThatHead><ITRForm:BusLossSetoff>0</ITRForm:BusLossSetoff><ITRForm:IncOfCurYrAfterSetOff>0</ITRForm:IncOfCurYrAfterSetOff></ITRForm:ProfGainUs115B><ITRForm:TotLossSetOffOnBus>0</ITRForm:TotLossSetOffOnBus><ITRForm:LossRemainSetOffOnBus>0</ITRForm:LossRemainSetOffOnBus></ITRForm:BusSetoffCurrYr></ITRForm:CorpScheduleBP><ITRForm:ScheduleDPM><ITRForm:PlantMachinery><ITRForm:Rate15><ITRForm:DepreciationDetail><ITRForm:WDVFirstDay>0</ITRForm:WDVFirstDay><ITRForm:AdditionsGrThan180Days>40000</ITRForm:AdditionsGrThan180Days><ITRForm:RealizationTotalPeriod>0</ITRForm:RealizationTotalPeriod><ITRForm:FullRateDeprAmt>40000</ITRForm:FullRateDeprAmt><ITRForm:AdditionsLessThan180Days>0</ITRForm:AdditionsLessThan180Days><ITRForm:RealizationPeriodDuringYear>0</ITRForm:RealizationPeriodDuringYear><ITRForm:HalfRateDeprAmt>0</ITRForm:HalfRateDeprAmt><ITRForm:DepreciationAtFullRate>6000</ITRForm:DepreciationAtFullRate><ITRForm:DepreciationAtHalfRate>0</ITRForm:DepreciationAtHalfRate><ITRForm:AddlnDeprOnGT180DayAdditions>0</ITRForm:AddlnDeprOnGT180DayAdditions><ITRForm:AddlnDeprDuringYearAdditions>0</ITRForm:AddlnDeprDuringYearAdditions><ITRForm:AddlnDeprOnLessThan180DayAdditions>0</ITRForm:AddlnDeprOnLessThan180DayAdditions><ITRForm:TotalDepreciation>6000</ITRForm:TotalDepreciation><ITRForm:DepDisAllowUs38_2>0</ITRForm:DepDisAllowUs38_2><ITRForm:NetAggregateDepreciation>6000</ITRForm:NetAggregateDepreciation><ITRForm:ProportionateAggDepreciation>0</ITRForm:ProportionateAggDepreciation><ITRForm:ExpdrOnTrforSaleAsset>0</ITRForm:ExpdrOnTrforSaleAsset><ITRForm:CapGainUs50>0</ITRForm:CapGainUs50><ITRForm:WDVLastDay>34000</ITRForm:WDVLastDay></ITRForm:DepreciationDetail></ITRForm:Rate15><ITRForm:Rate40><ITRForm:DepreciationDetail><ITRForm:WDVFirstDay>38240</ITRForm:WDVFirstDay><ITRForm:AdditionsGrThan180Days>7800</ITRForm:AdditionsGrThan180Days><ITRForm:RealizationTotalPeriod>0</ITRForm:RealizationTotalPeriod><ITRForm:FullRateDeprAmt>46040</ITRForm:FullRateDeprAmt><ITRForm:AdditionsLessThan180Days>0</ITRForm:AdditionsLessThan180Days><ITRForm:RealizationPeriodDuringYear>0</ITRForm:RealizationPeriodDuringYear><ITRForm:HalfRateDeprAmt>0</ITRForm:HalfRateDeprAmt><ITRForm:DepreciationAtFullRate>18416</ITRForm:DepreciationAtFullRate><ITRForm:DepreciationAtHalfRate>0</ITRForm:DepreciationAtHalfRate><ITRForm:AddlnDeprOnGT180DayAdditions>0</ITRForm:AddlnDeprOnGT180DayAdditions><ITRForm:AddlnDeprDuringYearAdditions>0</ITRForm:AddlnDeprDuringYearAdditions><ITRForm:AddlnDeprOnLessThan180DayAdditions>0</ITRForm:AddlnDeprOnLessThan180DayAdditions><ITRForm:TotalDepreciation>18416</ITRForm:TotalDepreciation><ITRForm:DepDisAllowUs38_2>0</ITRForm:DepDisAllowUs38_2><ITRForm:NetAggregateDepreciation>18416</ITRForm:NetAggregateDepreciation><ITRForm:ProportionateAggDepreciation>0</ITRForm:ProportionateAggDepreciation><ITRForm:ExpdrOnTrforSaleAsset>0</ITRForm:ExpdrOnTrforSaleAsset><ITRForm:CapGainUs50>0</ITRForm:CapGainUs50><ITRForm:WDVLastDay>27624</ITRForm:WDVLastDay></ITRForm:DepreciationDetail></ITRForm:Rate40></ITRForm:PlantMachinery></ITRForm:ScheduleDPM><ITRForm:ScheduleDOA><ITRForm:FurnitureFittings><ITRForm:Rate10><ITRForm:DepreciationDetail><ITRForm:WDVFirstDay>90839</ITRForm:WDVFirstDay><ITRForm:AdditionsGrThan180Days>0</ITRForm:AdditionsGrThan180Days><ITRForm:RealizationTotalPeriod>0</ITRForm:RealizationTotalPeriod><ITRForm:FullRateDeprAmt>90839</ITRForm:FullRateDeprAmt><ITRForm:AdditionsLessThan180Days>0</ITRForm:AdditionsLessThan180Days><ITRForm:RealizationPeriodDuringYear>0</ITRForm:RealizationPeriodDuringYear><ITRForm:HalfRateDeprAmt>0</ITRForm:HalfRateDeprAmt><ITRForm:DepreciationAtFullRate>9084</ITRForm:DepreciationAtFullRate><ITRForm:DepreciationAtHalfRate>0</ITRForm:DepreciationAtHalfRate><ITRForm:TotalDepreciation>9084</ITRForm:TotalDepreciation><ITRForm:DepDisAllowUs38_2>0</ITRForm:DepDisAllowUs38_2><ITRForm:NetAggregateDepreciation>9084</ITRForm:NetAggregateDepreciation><ITRForm:ProportionateAggDepreciation>0</ITRForm:ProportionateAggDepreciation><ITRForm:ExpdrOnTrforSaleAsset>0</ITRForm:ExpdrOnTrforSaleAsset><ITRForm:CapGainUs50>0</ITRForm:CapGainUs50><ITRForm:WDVLastDay>81755</ITRForm:WDVLastDay></ITRForm:DepreciationDetail></ITRForm:Rate10></ITRForm:FurnitureFittings></ITRForm:ScheduleDOA><ITRForm:ScheduleDEP><ITRForm:SummaryFromDeprSch><ITRForm:PlantMachinerySummary><ITRForm:DeprBlockTot15Percent>6000</ITRForm:DeprBlockTot15Percent><ITRForm:DeprBlockTot30Percent>0</ITRForm:DeprBlockTot30Percent><ITRForm:DeprBlockTot40Percent>18416</ITRForm:DeprBlockTot40Percent><ITRForm:TotPlntMach>24416</ITRForm:TotPlntMach></ITRForm:PlantMachinerySummary><ITRForm:FurnitureSummary>9084</ITRForm:FurnitureSummary><ITRForm:TotalDepreciation>33500</ITRForm:TotalDepreciation></ITRForm:SummaryFromDeprSch></ITRForm:ScheduleDEP><ITRForm:ScheduleCG><ITRForm:ShortTermCapGain><ITRForm:SaleofLandBuild /><ITRForm:SlumpSaleInStcg><ITRForm:FullConsideration>0</ITRForm:FullConsideration><ITRForm:NetWorthOfDivision>0</ITRForm:NetWorthOfDivision><ITRForm:CapgainonAssets>0</ITRForm:CapgainonAssets></ITRForm:SlumpSaleInStcg><ITRForm:EquityMFonSTT><ITRForm:MFSectionCode>1A</ITRForm:MFSectionCode><ITRForm:EquityMFonSTTDtls><ITRForm:FullConsideration>0</ITRForm:FullConsideration><ITRForm:DeductSec48><ITRForm:AquisitCost>0</ITRForm:AquisitCost><ITRForm:ImproveCost>0</ITRForm:ImproveCost><ITRForm:ExpOnTrans>0</ITRForm:ExpOnTrans><ITRForm:TotalDedn>0</ITRForm:TotalDedn></ITRForm:DeductSec48><ITRForm:BalanceCG>0</ITRForm:BalanceCG><ITRForm:LossSec94of7Or94of8>0</ITRForm:LossSec94of7Or94of8><ITRForm:CapgainonAssets>0</ITRForm:CapgainonAssets></ITRForm:EquityMFonSTTDtls></ITRForm:EquityMFonSTT><ITRForm:NRITransacSec48Dtl><ITRForm:NRItaxSTTPaid>0</ITRForm:NRItaxSTTPaid><ITRForm:NRItaxSTTNotPaid>0</ITRForm:NRItaxSTTNotPaid></ITRForm:NRITransacSec48Dtl><ITRForm:NRISecur115AD><ITRForm:FullValueConsdRecvUnqshr>0</ITRForm:FullValueConsdRecvUnqshr><ITRForm:FairMrktValueUnqshr>0</ITRForm:FairMrktValueUnqshr><ITRForm:FullValueConsdSec50CA>0</ITRForm:FullValueConsdSec50CA><ITRForm:FullValueConsdOthUnqshr>0</ITRForm:FullValueConsdOthUnqshr><ITRForm:FullConsideration>0</ITRForm:FullConsideration><ITRForm:DeductSec48><ITRForm:AquisitCost>0</ITRForm:AquisitCost><ITRForm:ImproveCost>0</ITRForm:ImproveCost><ITRForm:ExpOnTrans>0</ITRForm:ExpOnTrans><ITRForm:TotalDedn>0</ITRForm:TotalDedn></ITRForm:DeductSec48><ITRForm:BalanceCG>0</ITRForm:BalanceCG><ITRForm:LossSec94of7Or94of8>0</ITRForm:LossSec94of7Or94of8><ITRForm:CapgainonAssets>0</ITRForm:CapgainonAssets></ITRForm:NRISecur115AD><ITRForm:SaleOnOtherAssets><ITRForm:FullValueConsdRecvUnqshr>0</ITRForm:FullValueConsdRecvUnqshr><ITRForm:FairMrktValueUnqshr>0</ITRForm:FairMrktValueUnqshr><ITRForm:FullValueConsdSec50CA>0</ITRForm:FullValueConsdSec50CA><ITRForm:FullValueConsdOthUnqshr>0</ITRForm:FullValueConsdOthUnqshr><ITRForm:FullConsideration>0</ITRForm:FullConsideration><ITRForm:DeductSec48><ITRForm:AquisitCost>0</ITRForm:AquisitCost><ITRForm:ImproveCost>0</ITRForm:ImproveCost><ITRForm:ExpOnTrans>0</ITRForm:ExpOnTrans><ITRForm:TotalDedn>0</ITRForm:TotalDedn></ITRForm:DeductSec48><ITRForm:BalanceCG>0</ITRForm:BalanceCG><ITRForm:LossSec94of7Or94of8>0</ITRForm:LossSec94of7Or94of8><ITRForm:DeemedSTCGDeprAsset>0</ITRForm:DeemedSTCGDeprAsset><ITRForm:ExemptionOrDednUs54><ITRForm:ExemptionGrandTotal>0</ITRForm:ExemptionGrandTotal></ITRForm:ExemptionOrDednUs54><ITRForm:CapgainonAssets>0</ITRForm:CapgainonAssets></ITRForm:SaleOnOtherAssets><ITRForm:UnutilizedStcgFlag>X</ITRForm:UnutilizedStcgFlag><ITRForm:AmtDeemedStcg>0</ITRForm:AmtDeemedStcg><ITRForm:TotalAmtDeemedStcg>0</ITRForm:TotalAmtDeemedStcg><ITRForm:PassThrIncNatureSTCG>0</ITRForm:PassThrIncNatureSTCG><ITRForm:PassThrIncNatureSTCG15Per>0</ITRForm:PassThrIncNatureSTCG15Per><ITRForm:PassThrIncNatureSTCG30Per>0</ITRForm:PassThrIncNatureSTCG30Per><ITRForm:PassThrIncNatureSTCGAppRate>0</ITRForm:PassThrIncNatureSTCGAppRate><ITRForm:TotalAmtNotTaxUsDTAAStcg>0</ITRForm:TotalAmtNotTaxUsDTAAStcg><ITRForm:TotalAmtTaxUsDTAAStcg>0</ITRForm:TotalAmtTaxUsDTAAStcg><ITRForm:TotalSTCG>0</ITRForm:TotalSTCG></ITRForm:ShortTermCapGain><ITRForm:LongTermCapGain><ITRForm:SaleofLandBuild /><ITRForm:SlumpSaleInLtcg><ITRForm:FullConsideration>0</ITRForm:FullConsideration><ITRForm:NetWorthOfDivision>0</ITRForm:NetWorthOfDivision><ITRForm:SlumpBalance>0</ITRForm:SlumpBalance><ITRForm:ExemptionOrDednUs54><ITRForm:ExemptionGrandTotal>0</ITRForm:ExemptionGrandTotal></ITRForm:ExemptionOrDednUs54><ITRForm:CapgainonAssets>0</ITRForm:CapgainonAssets></ITRForm:SlumpSaleInLtcg><ITRForm:SaleofBondsDebntr><ITRForm:FullConsideration>0</ITRForm:FullConsideration><ITRForm:DeductSec48><ITRForm:AquisitCost>0</ITRForm:AquisitCost><ITRForm:ImproveCost>0</ITRForm:ImproveCost><ITRForm:ExpOnTrans>0</ITRForm:ExpOnTrans><ITRForm:TotalDedn>0</ITRForm:TotalDedn></ITRForm:DeductSec48><ITRForm:BalanceCG>0</ITRForm:BalanceCG><ITRForm:DeductionUnderSec54>0</ITRForm:DeductionUnderSec54><ITRForm:CapgainonAssets>0</ITRForm:CapgainonAssets></ITRForm:SaleofBondsDebntr><ITRForm:Proviso112Applicable><ITRForm:Proviso112SectionCode>22</ITRForm:Proviso112SectionCode><ITRForm:Proviso112Applicabledtls><ITRForm:FullConsideration>0</ITRForm:FullConsideration><ITRForm:DeductSec48><ITRForm:AquisitCost>0</ITRForm:AquisitCost><ITRForm:ImproveCost>0</ITRForm:ImproveCost><ITRForm:ExpOnTrans>0</ITRForm:ExpOnTrans><ITRForm:TotalDedn>0</ITRForm:TotalDedn></ITRForm:DeductSec48><ITRForm:BalanceCG>0</ITRForm:BalanceCG><ITRForm:DeductionUnderSec54>0</ITRForm:DeductionUnderSec54><ITRForm:CapgainonAssets>0</ITRForm:CapgainonAssets></ITRForm:Proviso112Applicabledtls></ITRForm:Proviso112Applicable><ITRForm:SaleOfEquityShareUs112A><ITRForm:FullConsideration>0</ITRForm:FullConsideration><ITRForm:DeductSec48Sec112A><ITRForm:CostOfAquisitionWoInd>0</ITRForm:CostOfAquisitionWoInd><ITRForm:AquisitCost>0</ITRForm:AquisitCost><ITRForm:LTCAAcquiredBf>0</ITRForm:LTCAAcquiredBf><ITRForm:FairMarketValue>0</ITRForm:FairMarketValue><ITRForm:FullValueConsdrtn>0</ITRForm:FullValueConsdrtn><ITRForm:ImproveCost>0</ITRForm:ImproveCost><ITRForm:ExpOnTrans>0</ITRForm:ExpOnTrans><ITRForm:TotalDedn>0</ITRForm:TotalDedn></ITRForm:DeductSec48Sec112A><ITRForm:BalanceCG>0</ITRForm:BalanceCG><ITRForm:DeductionUnderSec54>0</ITRForm:DeductionUnderSec54><ITRForm:CapgainonAssets>0</ITRForm:CapgainonAssets></ITRForm:SaleOfEquityShareUs112A><ITRForm:NRIProvisoSec48><ITRForm:LTCGWithoutBenefit>0</ITRForm:LTCGWithoutBenefit><ITRForm:DeductionUnderSec54>0</ITRForm:DeductionUnderSec54><ITRForm:BalanceCG>0</ITRForm:BalanceCG></ITRForm:NRIProvisoSec48><ITRForm:NRIOnSec112and115><ITRForm:NRIOnSec112and115Dtls><ITRForm:SectionCode>21ciii</ITRForm:SectionCode><ITRForm:FullValueConsdRecvUnqshr>0</ITRForm:FullValueConsdRecvUnqshr><ITRForm:FairMrktValueUnqshr>0</ITRForm:FairMrktValueUnqshr><ITRForm:FullValueConsdSec50CA>0</ITRForm:FullValueConsdSec50CA><ITRForm:FullValueConsdOthUnqshr>0</ITRForm:FullValueConsdOthUnqshr><ITRForm:FullConsideration>0</ITRForm:FullConsideration><ITRForm:DeductSec48><ITRForm:AquisitCost>0</ITRForm:AquisitCost><ITRForm:ImproveCost>0</ITRForm:ImproveCost><ITRForm:ExpOnTrans>0</ITRForm:ExpOnTrans><ITRForm:TotalDedn>0</ITRForm:TotalDedn></ITRForm:DeductSec48><ITRForm:BalanceCG>0</ITRForm:BalanceCG><ITRForm:DeductionUnderSec54>0</ITRForm:DeductionUnderSec54><ITRForm:CapgainonAssets>0</ITRForm:CapgainonAssets></ITRForm:NRIOnSec112and115Dtls></ITRForm:NRIOnSec112and115><ITRForm:NRISaleOfEquityShareUs112A><ITRForm:FullConsideration>0</ITRForm:FullConsideration><ITRForm:DeductSec48Sec112A><ITRForm:CostOfAquisitionWoInd>0</ITRForm:CostOfAquisitionWoInd><ITRForm:AquisitCost>0</ITRForm:AquisitCost><ITRForm:LTCAAcquiredBf>0</ITRForm:LTCAAcquiredBf><ITRForm:FairMarketValue>0</ITRForm:FairMarketValue><ITRForm:FullValueConsdrtn>0</ITRForm:FullValueConsdrtn><ITRForm:ImproveCost>0</ITRForm:ImproveCost><ITRForm:ExpOnTrans>0</ITRForm:ExpOnTrans><ITRForm:TotalDedn>0</ITRForm:TotalDedn></ITRForm:DeductSec48Sec112A><ITRForm:BalanceCG>0</ITRForm:BalanceCG><ITRForm:DeductionUnderSec54>0</ITRForm:DeductionUnderSec54><ITRForm:CapgainonAssets>0</ITRForm:CapgainonAssets></ITRForm:NRISaleOfEquityShareUs112A><ITRForm:SaleofAssetNA><ITRForm:FullValueConsdRecvUnqshr>0</ITRForm:FullValueConsdRecvUnqshr><ITRForm:FairMrktValueUnqshr>0</ITRForm:FairMrktValueUnqshr><ITRForm:FullValueConsdSec50CA>0</ITRForm:FullValueConsdSec50CA><ITRForm:FullValueConsdOthUnqshr>0</ITRForm:FullValueConsdOthUnqshr><ITRForm:FullConsideration>0</ITRForm:FullConsideration><ITRForm:DeductSec48><ITRForm:AquisitCost>0</ITRForm:AquisitCost><ITRForm:ImproveCost>0</ITRForm:ImproveCost><ITRForm:ExpOnTrans>0</ITRForm:ExpOnTrans><ITRForm:TotalDedn>0</ITRForm:TotalDedn></ITRForm:DeductSec48><ITRForm:BalanceCG>0</ITRForm:BalanceCG><ITRForm:ExemptionOrDednUs54><ITRForm:ExemptionGrandTotal>0</ITRForm:ExemptionGrandTotal></ITRForm:ExemptionOrDednUs54><ITRForm:CapgainonAssets>0</ITRForm:CapgainonAssets></ITRForm:SaleofAssetNA><ITRForm:UnutilizedLtcgFlag>X</ITRForm:UnutilizedLtcgFlag><ITRForm:AmtDeemedLtcg>0</ITRForm:AmtDeemedLtcg><ITRForm:TotalAmtDeemedLtcg>0</ITRForm:TotalAmtDeemedLtcg><ITRForm:PassThrIncNatureLTCG>0</ITRForm:PassThrIncNatureLTCG><ITRForm:PassThrIncNatureLTCG10Per>0</ITRForm:PassThrIncNatureLTCG10Per><ITRForm:PassThrIncNatureLTCG20Per>0</ITRForm:PassThrIncNatureLTCG20Per><ITRForm:TotalAmtNotTaxUsDTAALtcg>0</ITRForm:TotalAmtNotTaxUsDTAALtcg><ITRForm:TotalAmtTaxUsDTAALtcg>0</ITRForm:TotalAmtTaxUsDTAALtcg><ITRForm:TotalLTCG>0</ITRForm:TotalLTCG></ITRForm:LongTermCapGain><ITRForm:IncChargeableHeadCapGain>0</ITRForm:IncChargeableHeadCapGain><ITRForm:DeducClaimInfo><ITRForm:TotDeductClaim>0</ITRForm:TotDeductClaim></ITRForm:DeducClaimInfo><ITRForm:CurrYrLosses><ITRForm:InLossSetOff><ITRForm:TypeOfCapGain>LOSS_TO_BE_SET_OFF</ITRForm:TypeOfCapGain><ITRForm:StclSetoff15Per>0</ITRForm:StclSetoff15Per><ITRForm:StclSetoff30Per>0</ITRForm:StclSetoff30Per><ITRForm:StclSetoffAppRate>0</ITRForm:StclSetoffAppRate><ITRForm:StclSetoffDTAARate>0</ITRForm:StclSetoffDTAARate><ITRForm:LtclSetOff10Per>0</ITRForm:LtclSetOff10Per><ITRForm:LtclSetOff20Per>0</ITRForm:LtclSetOff20Per><ITRForm:LtclSetOffDTAARate>0</ITRForm:LtclSetOffDTAARate></ITRForm:InLossSetOff><ITRForm:InStcg15Per><ITRForm:TypeOfCapGain>STCG_PER_15</ITRForm:TypeOfCapGain><ITRForm:CurrYearIncome>0</ITRForm:CurrYearIncome><ITRForm:StclSetoff30Per>0</ITRForm:StclSetoff30Per><ITRForm:StclSetoffAppRate>0</ITRForm:StclSetoffAppRate><ITRForm:StclSetoffDTAARate>0</ITRForm:StclSetoffDTAARate><ITRForm:CurrYrCapGain>0</ITRForm:CurrYrCapGain></ITRForm:InStcg15Per><ITRForm:InStcg30Per><ITRForm:TypeOfCapGain>STCG_PER_30</ITRForm:TypeOfCapGain><ITRForm:CurrYearIncome>0</ITRForm:CurrYearIncome><ITRForm:StclSetoff15Per>0</ITRForm:StclSetoff15Per><ITRForm:StclSetoffAppRate>0</ITRForm:StclSetoffAppRate><ITRForm:StclSetoffDTAARate>0</ITRForm:StclSetoffDTAARate><ITRForm:CurrYrCapGain>0</ITRForm:CurrYrCapGain></ITRForm:InStcg30Per><ITRForm:InStcgAppRate><ITRForm:TypeOfCapGain>STCG_PER_APP_RATE</ITRForm:TypeOfCapGain><ITRForm:CurrYearIncome>0</ITRForm:CurrYearIncome><ITRForm:StclSetoff15Per>0</ITRForm:StclSetoff15Per><ITRForm:StclSetoff30Per>0</ITRForm:StclSetoff30Per><ITRForm:StclSetoffDTAARate>0</ITRForm:StclSetoffDTAARate><ITRForm:CurrYrCapGain>0</ITRForm:CurrYrCapGain></ITRForm:InStcgAppRate><ITRForm:InStcgDTAARate><ITRForm:TypeOfCapGain>STCG_PER_DTAA_RATE</ITRForm:TypeOfCapGain><ITRForm:CurrYearIncome>0</ITRForm:CurrYearIncome><ITRForm:StclSetoff15Per>0</ITRForm:StclSetoff15Per><ITRForm:StclSetoff30Per>0</ITRForm:StclSetoff30Per><ITRForm:StclSetoffAppRate>0</ITRForm:StclSetoffAppRate><ITRForm:CurrYrCapGain>0</ITRForm:CurrYrCapGain></ITRForm:InStcgDTAARate><ITRForm:InLtcg10Per><ITRForm:TypeOfCapGain>LTCG_PER_10</ITRForm:TypeOfCapGain><ITRForm:CurrYearIncome>0</ITRForm:CurrYearIncome><ITRForm:StclSetoff15Per>0</ITRForm:StclSetoff15Per><ITRForm:StclSetoff30Per>0</ITRForm:StclSetoff30Per><ITRForm:StclSetoffAppRate>0</ITRForm:StclSetoffAppRate><ITRForm:StclSetoffDTAARate>0</ITRForm:StclSetoffDTAARate><ITRForm:LtclSetOff20Per>0</ITRForm:LtclSetOff20Per><ITRForm:LtclSetOffDTAARate>0</ITRForm:LtclSetOffDTAARate><ITRForm:CurrYrCapGain>0</ITRForm:CurrYrCapGain></ITRForm:InLtcg10Per><ITRForm:InLtcg20Per><ITRForm:TypeOfCapGain>LTCG_PER_20</ITRForm:TypeOfCapGain><ITRForm:CurrYearIncome>0</ITRForm:CurrYearIncome><ITRForm:StclSetoff15Per>0</ITRForm:StclSetoff15Per><ITRForm:StclSetoff30Per>0</ITRForm:StclSetoff30Per><ITRForm:StclSetoffAppRate>0</ITRForm:StclSetoffAppRate><ITRForm:StclSetoffDTAARate>0</ITRForm:StclSetoffDTAARate><ITRForm:LtclSetOff10Per>0</ITRForm:LtclSetOff10Per><ITRForm:LtclSetOffDTAARate>0</ITRForm:LtclSetOffDTAARate><ITRForm:CurrYrCapGain>0</ITRForm:CurrYrCapGain></ITRForm:InLtcg20Per><ITRForm:InLtcgDTAARate><ITRForm:TypeOfCapGain>LTCG_PER_DTAA_RATE</ITRForm:TypeOfCapGain><ITRForm:CurrYearIncome>0</ITRForm:CurrYearIncome><ITRForm:StclSetoff15Per>0</ITRForm:StclSetoff15Per><ITRForm:StclSetoff30Per>0</ITRForm:StclSetoff30Per><ITRForm:StclSetoffAppRate>0</ITRForm:StclSetoffAppRate><ITRForm:StclSetoffDTAARate>0</ITRForm:StclSetoffDTAARate><ITRForm:LtclSetOff10Per>0</ITRForm:LtclSetOff10Per><ITRForm:LtclSetOff20Per>0</ITRForm:LtclSetOff20Per><ITRForm:CurrYrCapGain>0</ITRForm:CurrYrCapGain></ITRForm:InLtcgDTAARate><ITRForm:TotLossSetOff><ITRForm:TypeOfCapGain>TOT_LOSS_SET_OFF</ITRForm:TypeOfCapGain><ITRForm:StclSetoff15Per>0</ITRForm:StclSetoff15Per><ITRForm:StclSetoff30Per>0</ITRForm:StclSetoff30Per><ITRForm:StclSetoffAppRate>0</ITRForm:StclSetoffAppRate><ITRForm:StclSetoffDTAARate>0</ITRForm:StclSetoffDTAARate><ITRForm:LtclSetOff10Per>0</ITRForm:LtclSetOff10Per><ITRForm:LtclSetOff20Per>0</ITRForm:LtclSetOff20Per><ITRForm:LtclSetOffDTAARate>0</ITRForm:LtclSetOffDTAARate></ITRForm:TotLossSetOff><ITRForm:LossRemainSetOff><ITRForm:TypeOfCapGain>LOSS_REMAIN_SET_OFF</ITRForm:TypeOfCapGain><ITRForm:StclSetoff15Per>0</ITRForm:StclSetoff15Per><ITRForm:StclSetoff30Per>0</ITRForm:StclSetoff30Per><ITRForm:StclSetoffAppRate>0</ITRForm:StclSetoffAppRate><ITRForm:StclSetoffDTAARate>0</ITRForm:StclSetoffDTAARate><ITRForm:LtclSetOff10Per>0</ITRForm:LtclSetOff10Per><ITRForm:LtclSetOff20Per>0</ITRForm:LtclSetOff20Per><ITRForm:LtclSetOffDTAARate>0</ITRForm:LtclSetOffDTAARate></ITRForm:LossRemainSetOff></ITRForm:CurrYrLosses><ITRForm:AccruOrRecOfCG><ITRForm:ShortTermUnder15Per><ITRForm:DateRange><ITRForm:Upto15Of6>0</ITRForm:Upto15Of6><ITRForm:Upto15Of9>0</ITRForm:Upto15Of9><ITRForm:Up16Of9To15Of12>0</ITRForm:Up16Of9To15Of12><ITRForm:Up16Of12To15Of3>0</ITRForm:Up16Of12To15Of3><ITRForm:Up16Of3To31Of3>0</ITRForm:Up16Of3To31Of3></ITRForm:DateRange></ITRForm:ShortTermUnder15Per><ITRForm:ShortTermUnder30Per><ITRForm:DateRange><ITRForm:Upto15Of6>0</ITRForm:Upto15Of6><ITRForm:Upto15Of9>0</ITRForm:Upto15Of9><ITRForm:Up16Of9To15Of12>0</ITRForm:Up16Of9To15Of12><ITRForm:Up16Of12To15Of3>0</ITRForm:Up16Of12To15Of3><ITRForm:Up16Of3To31Of3>0</ITRForm:Up16Of3To31Of3></ITRForm:DateRange></ITRForm:ShortTermUnder30Per><ITRForm:ShortTermUnderAppRate><ITRForm:DateRange><ITRForm:Upto15Of6>0</ITRForm:Upto15Of6><ITRForm:Upto15Of9>0</ITRForm:Upto15Of9><ITRForm:Up16Of9To15Of12>0</ITRForm:Up16Of9To15Of12><ITRForm:Up16Of12To15Of3>0</ITRForm:Up16Of12To15Of3><ITRForm:Up16Of3To31Of3>0</ITRForm:Up16Of3To31Of3></ITRForm:DateRange></ITRForm:ShortTermUnderAppRate><ITRForm:ShortTermUnderDTAARate><ITRForm:DateRange><ITRForm:Upto15Of6>0</ITRForm:Upto15Of6><ITRForm:Upto15Of9>0</ITRForm:Upto15Of9><ITRForm:Up16Of9To15Of12>0</ITRForm:Up16Of9To15Of12><ITRForm:Up16Of12To15Of3>0</ITRForm:Up16Of12To15Of3><ITRForm:Up16Of3To31Of3>0</ITRForm:Up16Of3To31Of3></ITRForm:DateRange></ITRForm:ShortTermUnderDTAARate><ITRForm:LongTermUnder10Per><ITRForm:DateRange><ITRForm:Upto15Of6>0</ITRForm:Upto15Of6><ITRForm:Upto15Of9>0</ITRForm:Upto15Of9><ITRForm:Up16Of9To15Of12>0</ITRForm:Up16Of9To15Of12><ITRForm:Up16Of12To15Of3>0</ITRForm:Up16Of12To15Of3><ITRForm:Up16Of3To31Of3>0</ITRForm:Up16Of3To31Of3></ITRForm:DateRange></ITRForm:LongTermUnder10Per><ITRForm:LongTermUnder20Per><ITRForm:DateRange><ITRForm:Upto15Of6>0</ITRForm:Upto15Of6><ITRForm:Upto15Of9>0</ITRForm:Upto15Of9><ITRForm:Up16Of9To15Of12>0</ITRForm:Up16Of9To15Of12><ITRForm:Up16Of12To15Of3>0</ITRForm:Up16Of12To15Of3><ITRForm:Up16Of3To31Of3>0</ITRForm:Up16Of3To31Of3></ITRForm:DateRange></ITRForm:LongTermUnder20Per><ITRForm:LongTermUnderDTAARate><ITRForm:DateRange><ITRForm:Upto15Of6>0</ITRForm:Upto15Of6><ITRForm:Upto15Of9>0</ITRForm:Upto15Of9><ITRForm:Up16Of9To15Of12>0</ITRForm:Up16Of9To15Of12><ITRForm:Up16Of12To15Of3>0</ITRForm:Up16Of12To15Of3><ITRForm:Up16Of3To31Of3>0</ITRForm:Up16Of3To31Of3></ITRForm:DateRange></ITRForm:LongTermUnderDTAARate></ITRForm:AccruOrRecOfCG></ITRForm:ScheduleCG><ITRForm:ScheduleOS><ITRForm:IncOthThanOwnRaceHorse><ITRForm:GrossIncChrgblTaxAtAppRate>0</ITRForm:GrossIncChrgblTaxAtAppRate><ITRForm:DividendGross>0</ITRForm:DividendGross><ITRForm:InterestGross>0</ITRForm:InterestGross><ITRForm:IntrstFrmSavingBank>0</ITRForm:IntrstFrmSavingBank><ITRForm:IntrstFrmTermDeposit>0</ITRForm:IntrstFrmTermDeposit><ITRForm:IntrstFrmIncmTaxRefund>0</ITRForm:IntrstFrmIncmTaxRefund><ITRForm:NatofPassThrghIncome>0</ITRForm:NatofPassThrghIncome><ITRForm:IntrstFrmOthers>0</ITRForm:IntrstFrmOthers><ITRForm:RentFromMachPlantBldgs>0</ITRForm:RentFromMachPlantBldgs><ITRForm:Tot562x>0</ITRForm:Tot562x><ITRForm:Aggrtvaluewithoutcons562x>0</ITRForm:Aggrtvaluewithoutcons562x><ITRForm:Immovpropwithoutcons562x>0</ITRForm:Immovpropwithoutcons562x><ITRForm:Immovpropinadeqcons562x>0</ITRForm:Immovpropinadeqcons562x><ITRForm:Anyotherpropwithoutcons562x>0</ITRForm:Anyotherpropwithoutcons562x><ITRForm:Anyotherpropinadeqcons562x>0</ITRForm:Anyotherpropinadeqcons562x><ITRForm:AnyOtherIncome>0</ITRForm:AnyOtherIncome><ITRForm:IncChargeableSpecialRates>0</ITRForm:IncChargeableSpecialRates><ITRForm:LtryPzzlChrgblUs115BB>0</ITRForm:LtryPzzlChrgblUs115BB><ITRForm:IncChrgblUs115BBE>0</ITRForm:IncChrgblUs115BBE><ITRForm:CashCreditsUs68>0</ITRForm:CashCreditsUs68><ITRForm:UnExplndInvstmntsUs69>0</ITRForm:UnExplndInvstmntsUs69><ITRForm:UnExplndMoneyUs69A>0</ITRForm:UnExplndMoneyUs69A><ITRForm:UnDsclsdInvstmntsUs69B>0</ITRForm:UnDsclsdInvstmntsUs69B><ITRForm:UnExplndExpndtrUs69C>0</ITRForm:UnExplndExpndtrUs69C><ITRForm:AmtBrwdRepaidOnHundiUs69D>0</ITRForm:AmtBrwdRepaidOnHundiUs69D><ITRForm:OthersGross>0</ITRForm:OthersGross><ITRForm:PassThrIncOSChrgblSplRate>0</ITRForm:PassThrIncOSChrgblSplRate><ITRForm:IncChargblSplRateOS><ITRForm:TotalAmtTaxUsDTAASchOs>0</ITRForm:TotalAmtTaxUsDTAASchOs></ITRForm:IncChargblSplRateOS><ITRForm:Deductions><ITRForm:Expenses>0</ITRForm:Expenses><ITRForm:Depreciation>0</ITRForm:Depreciation><ITRForm:TotDeductions>0</ITRForm:TotDeductions></ITRForm:Deductions><ITRForm:AmtNotDeductibleUs58>0</ITRForm:AmtNotDeductibleUs58><ITRForm:ProfitChargTaxUs59>0</ITRForm:ProfitChargTaxUs59><ITRForm:BalanceNoRaceHorse>0</ITRForm:BalanceNoRaceHorse></ITRForm:IncOthThanOwnRaceHorse><ITRForm:TotOthSrcNoRaceHorse>0</ITRForm:TotOthSrcNoRaceHorse><ITRForm:IncFromOwnHorse><ITRForm:Receipts>0</ITRForm:Receipts><ITRForm:DeductSec57>0</ITRForm:DeductSec57><ITRForm:AmtNotDeductibleUs58>0</ITRForm:AmtNotDeductibleUs58><ITRForm:ProfitChargTaxUs59>0</ITRForm:ProfitChargTaxUs59><ITRForm:BalanceOwnRaceHorse>0</ITRForm:BalanceOwnRaceHorse></ITRForm:IncFromOwnHorse><ITRForm:IncChargeableFrmOthSrc>0</ITRForm:IncChargeableFrmOthSrc><ITRForm:DividendIncUs115BBDA><ITRForm:DateRange><ITRForm:Upto15Of6>0</ITRForm:Upto15Of6><ITRForm:Up16Of6To15Of9>0</ITRForm:Up16Of6To15Of9><ITRForm:Up16Of9To15Of12>0</ITRForm:Up16Of9To15Of12><ITRForm:Up16Of12To15Of3>0</ITRForm:Up16Of12To15Of3><ITRForm:Up16Of3To31Of3>0</ITRForm:Up16Of3To31Of3></ITRForm:DateRange></ITRForm:DividendIncUs115BBDA><ITRForm:IncFrmLottery><ITRForm:DateRange><ITRForm:Upto15Of6>0</ITRForm:Upto15Of6><ITRForm:Up16Of6To15Of9>0</ITRForm:Up16Of6To15Of9><ITRForm:Up16Of9To15Of12>0</ITRForm:Up16Of9To15Of12><ITRForm:Up16Of12To15Of3>0</ITRForm:Up16Of12To15Of3><ITRForm:Up16Of3To31Of3>0</ITRForm:Up16Of3To31Of3></ITRForm:DateRange></ITRForm:IncFrmLottery></ITRForm:ScheduleOS><ITRForm:ScheduleCYLA><ITRForm:HP><ITRForm:IncCYLA><ITRForm:IncOfCurYrUnderThatHead>0</ITRForm:IncOfCurYrUnderThatHead><ITRForm:BusLossSetoff>0</ITRForm:BusLossSetoff><ITRForm:OthSrcLossNoRaceHorseSetoff>0</ITRForm:OthSrcLossNoRaceHorseSetoff><ITRForm:IncOfCurYrAfterSetOff>0</ITRForm:IncOfCurYrAfterSetOff></ITRForm:IncCYLA></ITRForm:HP><ITRForm:BusProfExclSpecProf><ITRForm:IncCYLA><ITRForm:IncOfCurYrUnderThatHead>107095</ITRForm:IncOfCurYrUnderThatHead><ITRForm:HPlossCurYrSetoff>0</ITRForm:HPlossCurYrSetoff><ITRForm:OthSrcLossNoRaceHorseSetoff>0</ITRForm:OthSrcLossNoRaceHorseSetoff><ITRForm:IncOfCurYrAfterSetOff>107095</ITRForm:IncOfCurYrAfterSetOff></ITRForm:IncCYLA></ITRForm:BusProfExclSpecProf><ITRForm:ProfGainUs115B><ITRForm:IncCYLA><ITRForm:IncOfCurYrUnderThatHead>0</ITRForm:IncOfCurYrUnderThatHead><ITRForm:HPlossCurYrSetoff>0</ITRForm:HPlossCurYrSetoff><ITRForm:OthSrcLossNoRaceHorseSetoff>0</ITRForm:OthSrcLossNoRaceHorseSetoff><ITRForm:IncOfCurYrAfterSetOff>0</ITRForm:IncOfCurYrAfterSetOff></ITRForm:IncCYLA></ITRForm:ProfGainUs115B><ITRForm:SpeculationIncome><ITRForm:IncCYLA><ITRForm:IncOfCurYrUnderThatHead>0</ITRForm:IncOfCurYrUnderThatHead><ITRForm:HPlossCurYrSetoff>0</ITRForm:HPlossCurYrSetoff><ITRForm:OthSrcLossNoRaceHorseSetoff>0</ITRForm:OthSrcLossNoRaceHorseSetoff><ITRForm:IncOfCurYrAfterSetOff>0</ITRForm:IncOfCurYrAfterSetOff></ITRForm:IncCYLA></ITRForm:SpeculationIncome><ITRForm:SpecifiedBusIncome><ITRForm:IncCYLA><ITRForm:IncOfCurYrUnderThatHead>0</ITRForm:IncOfCurYrUnderThatHead><ITRForm:HPlossCurYrSetoff>0</ITRForm:HPlossCurYrSetoff><ITRForm:OthSrcLossNoRaceHorseSetoff>0</ITRForm:OthSrcLossNoRaceHorseSetoff><ITRForm:IncOfCurYrAfterSetOff>0</ITRForm:IncOfCurYrAfterSetOff></ITRForm:IncCYLA></ITRForm:SpecifiedBusIncome><ITRForm:STCG15Per><ITRForm:IncCYLA><ITRForm:IncOfCurYrUnderThatHead>0</ITRForm:IncOfCurYrUnderThatHead><ITRForm:HPlossCurYrSetoff>0</ITRForm:HPlossCurYrSetoff><ITRForm:BusLossSetoff>0</ITRForm:BusLossSetoff><ITRForm:OthSrcLossNoRaceHorseSetoff>0</ITRForm:OthSrcLossNoRaceHorseSetoff><ITRForm:IncOfCurYrAfterSetOff>0</ITRForm:IncOfCurYrAfterSetOff></ITRForm:IncCYLA></ITRForm:STCG15Per><ITRForm:STCG30Per><ITRForm:IncCYLA><ITRForm:IncOfCurYrUnderThatHead>0</ITRForm:IncOfCurYrUnderThatHead><ITRForm:HPlossCurYrSetoff>0</ITRForm:HPlossCurYrSetoff><ITRForm:BusLossSetoff>0</ITRForm:BusLossSetoff><ITRForm:OthSrcLossNoRaceHorseSetoff>0</ITRForm:OthSrcLossNoRaceHorseSetoff><ITRForm:IncOfCurYrAfterSetOff>0</ITRForm:IncOfCurYrAfterSetOff></ITRForm:IncCYLA></ITRForm:STCG30Per><ITRForm:STCGAppRate><ITRForm:IncCYLA><ITRForm:IncOfCurYrUnderThatHead>0</ITRForm:IncOfCurYrUnderThatHead><ITRForm:HPlossCurYrSetoff>0</ITRForm:HPlossCurYrSetoff><ITRForm:BusLossSetoff>0</ITRForm:BusLossSetoff><ITRForm:OthSrcLossNoRaceHorseSetoff>0</ITRForm:OthSrcLossNoRaceHorseSetoff><ITRForm:IncOfCurYrAfterSetOff>0</ITRForm:IncOfCurYrAfterSetOff></ITRForm:IncCYLA></ITRForm:STCGAppRate><ITRForm:STCGDTAARate><ITRForm:IncCYLA><ITRForm:IncOfCurYrUnderThatHead>0</ITRForm:IncOfCurYrUnderThatHead><ITRForm:HPlossCurYrSetoff>0</ITRForm:HPlossCurYrSetoff><ITRForm:BusLossSetoff>0</ITRForm:BusLossSetoff><ITRForm:OthSrcLossNoRaceHorseSetoff>0</ITRForm:OthSrcLossNoRaceHorseSetoff><ITRForm:IncOfCurYrAfterSetOff>0</ITRForm:IncOfCurYrAfterSetOff></ITRForm:IncCYLA></ITRForm:STCGDTAARate><ITRForm:LTCG10Per><ITRForm:IncCYLA><ITRForm:IncOfCurYrUnderThatHead>0</ITRForm:IncOfCurYrUnderThatHead><ITRForm:HPlossCurYrSetoff>0</ITRForm:HPlossCurYrSetoff><ITRForm:BusLossSetoff>0</ITRForm:BusLossSetoff><ITRForm:OthSrcLossNoRaceHorseSetoff>0</ITRForm:OthSrcLossNoRaceHorseSetoff><ITRForm:IncOfCurYrAfterSetOff>0</ITRForm:IncOfCurYrAfterSetOff></ITRForm:IncCYLA></ITRForm:LTCG10Per><ITRForm:LTCG20Per><ITRForm:IncCYLA><ITRForm:IncOfCurYrUnderThatHead>0</ITRForm:IncOfCurYrUnderThatHead><ITRForm:HPlossCurYrSetoff>0</ITRForm:HPlossCurYrSetoff><ITRForm:BusLossSetoff>0</ITRForm:BusLossSetoff><ITRForm:OthSrcLossNoRaceHorseSetoff>0</ITRForm:OthSrcLossNoRaceHorseSetoff><ITRForm:IncOfCurYrAfterSetOff>0</ITRForm:IncOfCurYrAfterSetOff></ITRForm:IncCYLA></ITRForm:LTCG20Per><ITRForm:LTCGDTAARate><ITRForm:IncCYLA><ITRForm:IncOfCurYrUnderThatHead>0</ITRForm:IncOfCurYrUnderThatHead><ITRForm:HPlossCurYrSetoff>0</ITRForm:HPlossCurYrSetoff><ITRForm:BusLossSetoff>0</ITRForm:BusLossSetoff><ITRForm:OthSrcLossNoRaceHorseSetoff>0</ITRForm:OthSrcLossNoRaceHorseSetoff><ITRForm:IncOfCurYrAfterSetOff>0</ITRForm:IncOfCurYrAfterSetOff></ITRForm:IncCYLA></ITRForm:LTCGDTAARate><ITRForm:OthSrcExclRaceHorseLottery><ITRForm:IncCYLA><ITRForm:IncOfCurYrUnderThatHead>0</ITRForm:IncOfCurYrUnderThatHead><ITRForm:HPlossCurYrSetoff>0</ITRForm:HPlossCurYrSetoff><ITRForm:BusLossSetoff>0</ITRForm:BusLossSetoff><ITRForm:IncOfCurYrAfterSetOff>0</ITRForm:IncOfCurYrAfterSetOff></ITRForm:IncCYLA></ITRForm:OthSrcExclRaceHorseLottery><ITRForm:ProfitFrmRaceHorse><ITRForm:IncCYLA><ITRForm:IncOfCurYrUnderThatHead>0</ITRForm:IncOfCurYrUnderThatHead><ITRForm:HPlossCurYrSetoff>0</ITRForm:HPlossCurYrSetoff><ITRForm:BusLossSetoff>0</ITRForm:BusLossSetoff><ITRForm:OthSrcLossNoRaceHorseSetoff>0</ITRForm:OthSrcLossNoRaceHorseSetoff><ITRForm:IncOfCurYrAfterSetOff>0</ITRForm:IncOfCurYrAfterSetOff></ITRForm:IncCYLA></ITRForm:ProfitFrmRaceHorse><ITRForm:IncOSDTAA><ITRForm:IncCYLA><ITRForm:IncOfCurYrUnderThatHead>0</ITRForm:IncOfCurYrUnderThatHead><ITRForm:HPlossCurYrSetoff>0</ITRForm:HPlossCurYrSetoff><ITRForm:BusLossSetoff>0</ITRForm:BusLossSetoff><ITRForm:OthSrcLossNoRaceHorseSetoff>0</ITRForm:OthSrcLossNoRaceHorseSetoff><ITRForm:IncOfCurYrAfterSetOff>0</ITRForm:IncOfCurYrAfterSetOff></ITRForm:IncCYLA></ITRForm:IncOSDTAA><ITRForm:TotalCurYr><ITRForm:TotHPlossCurYr>0</ITRForm:TotHPlossCurYr><ITRForm:TotOthSrcLossNoRaceHorse>0</ITRForm:TotOthSrcLossNoRaceHorse></ITRForm:TotalCurYr><ITRForm:TotalLossSetOff><ITRForm:TotHPlossCurYrSetoff>0</ITRForm:TotHPlossCurYrSetoff><ITRForm:TotOthSrcLossNoRaceHorseSetoff>0</ITRForm:TotOthSrcLossNoRaceHorseSetoff></ITRForm:TotalLossSetOff><ITRForm:LossRemAftSetOff><ITRForm:BalHPlossCurYrAftSetoff>0</ITRForm:BalHPlossCurYrAftSetoff><ITRForm:BalOthSrcLossNoRaceHorseAftSetoff>0</ITRForm:BalOthSrcLossNoRaceHorseAftSetoff></ITRForm:LossRemAftSetOff></ITRForm:ScheduleCYLA><ITRForm:ScheduleBFLA><ITRForm:HP><ITRForm:IncBFLA><ITRForm:IncOfCurYrUndHeadFromCYLA>0</ITRForm:IncOfCurYrUndHeadFromCYLA><ITRForm:BFlossPrevYrUndSameHeadSetoff>0</ITRForm:BFlossPrevYrUndSameHeadSetoff><ITRForm:BFUnabsorbedDeprSetoff>0</ITRForm:BFUnabsorbedDeprSetoff><ITRForm:BFAllUs35Cl4Setoff>0</ITRForm:BFAllUs35Cl4Setoff><ITRForm:IncOfCurYrAfterSetOffBFLosses>0</ITRForm:IncOfCurYrAfterSetOffBFLosses></ITRForm:IncBFLA></ITRForm:HP><ITRForm:BusProfExclSpecProf><ITRForm:IncBFLA><ITRForm:IncOfCurYrUndHeadFromCYLA>107095</ITRForm:IncOfCurYrUndHeadFromCYLA><ITRForm:BFlossPrevYrUndSameHeadSetoff>0</ITRForm:BFlossPrevYrUndSameHeadSetoff><ITRForm:BFUnabsorbedDeprSetoff>0</ITRForm:BFUnabsorbedDeprSetoff><ITRForm:BFAllUs35Cl4Setoff>0</ITRForm:BFAllUs35Cl4Setoff><ITRForm:IncOfCurYrAfterSetOffBFLosses>107095</ITRForm:IncOfCurYrAfterSetOffBFLosses></ITRForm:IncBFLA></ITRForm:BusProfExclSpecProf><ITRForm:ProfGainUs115B><ITRForm:IncBFLA><ITRForm:IncOfCurYrUndHeadFromCYLA>0</ITRForm:IncOfCurYrUndHeadFromCYLA><ITRForm:BFlossPrevYrUndSameHeadSetoff>0</ITRForm:BFlossPrevYrUndSameHeadSetoff><ITRForm:BFUnabsorbedDeprSetoff>0</ITRForm:BFUnabsorbedDeprSetoff><ITRForm:BFAllUs35Cl4Setoff>0</ITRForm:BFAllUs35Cl4Setoff><ITRForm:IncOfCurYrAfterSetOffBFLosses>0</ITRForm:IncOfCurYrAfterSetOffBFLosses></ITRForm:IncBFLA></ITRForm:ProfGainUs115B><ITRForm:SpeculationIncome><ITRForm:IncBFLA><ITRForm:IncOfCurYrUndHeadFromCYLA>0</ITRForm:IncOfCurYrUndHeadFromCYLA><ITRForm:BFlossPrevYrUndSameHeadSetoff>0</ITRForm:BFlossPrevYrUndSameHeadSetoff><ITRForm:BFUnabsorbedDeprSetoff>0</ITRForm:BFUnabsorbedDeprSetoff><ITRForm:BFAllUs35Cl4Setoff>0</ITRForm:BFAllUs35Cl4Setoff><ITRForm:IncOfCurYrAfterSetOffBFLosses>0</ITRForm:IncOfCurYrAfterSetOffBFLosses></ITRForm:IncBFLA></ITRForm:SpeculationIncome><ITRForm:SpecifiedBusIncome><ITRForm:IncBFLA><ITRForm:IncOfCurYrUndHeadFromCYLA>0</ITRForm:IncOfCurYrUndHeadFromCYLA><ITRForm:BFlossPrevYrUndSameHeadSetoff>0</ITRForm:BFlossPrevYrUndSameHeadSetoff><ITRForm:BFUnabsorbedDeprSetoff>0</ITRForm:BFUnabsorbedDeprSetoff><ITRForm:BFAllUs35Cl4Setoff>0</ITRForm:BFAllUs35Cl4Setoff><ITRForm:IncOfCurYrAfterSetOffBFLosses>0</ITRForm:IncOfCurYrAfterSetOffBFLosses></ITRForm:IncBFLA></ITRForm:SpecifiedBusIncome><ITRForm:STCG15Per><ITRForm:IncBFLA><ITRForm:IncOfCurYrUndHeadFromCYLA>0</ITRForm:IncOfCurYrUndHeadFromCYLA><ITRForm:BFlossPrevYrUndSameHeadSetoff>0</ITRForm:BFlossPrevYrUndSameHeadSetoff><ITRForm:BFUnabsorbedDeprSetoff>0</ITRForm:BFUnabsorbedDeprSetoff><ITRForm:BFAllUs35Cl4Setoff>0</ITRForm:BFAllUs35Cl4Setoff><ITRForm:IncOfCurYrAfterSetOffBFLosses>0</ITRForm:IncOfCurYrAfterSetOffBFLosses></ITRForm:IncBFLA></ITRForm:STCG15Per><ITRForm:STCG30Per><ITRForm:IncBFLA><ITRForm:IncOfCurYrUndHeadFromCYLA>0</ITRForm:IncOfCurYrUndHeadFromCYLA><ITRForm:BFlossPrevYrUndSameHeadSetoff>0</ITRForm:BFlossPrevYrUndSameHeadSetoff><ITRForm:BFUnabsorbedDeprSetoff>0</ITRForm:BFUnabsorbedDeprSetoff><ITRForm:BFAllUs35Cl4Setoff>0</ITRForm:BFAllUs35Cl4Setoff><ITRForm:IncOfCurYrAfterSetOffBFLosses>0</ITRForm:IncOfCurYrAfterSetOffBFLosses></ITRForm:IncBFLA></ITRForm:STCG30Per><ITRForm:STCGAppRate><ITRForm:IncBFLA><ITRForm:IncOfCurYrUndHeadFromCYLA>0</ITRForm:IncOfCurYrUndHeadFromCYLA><ITRForm:BFlossPrevYrUndSameHeadSetoff>0</ITRForm:BFlossPrevYrUndSameHeadSetoff><ITRForm:BFUnabsorbedDeprSetoff>0</ITRForm:BFUnabsorbedDeprSetoff><ITRForm:BFAllUs35Cl4Setoff>0</ITRForm:BFAllUs35Cl4Setoff><ITRForm:IncOfCurYrAfterSetOffBFLosses>0</ITRForm:IncOfCurYrAfterSetOffBFLosses></ITRForm:IncBFLA></ITRForm:STCGAppRate><ITRForm:STCGDTAARate><ITRForm:IncBFLA><ITRForm:IncOfCurYrUndHeadFromCYLA>0</ITRForm:IncOfCurYrUndHeadFromCYLA><ITRForm:BFlossPrevYrUndSameHeadSetoff>0</ITRForm:BFlossPrevYrUndSameHeadSetoff><ITRForm:BFUnabsorbedDeprSetoff>0</ITRForm:BFUnabsorbedDeprSetoff><ITRForm:BFAllUs35Cl4Setoff>0</ITRForm:BFAllUs35Cl4Setoff><ITRForm:IncOfCurYrAfterSetOffBFLosses>0</ITRForm:IncOfCurYrAfterSetOffBFLosses></ITRForm:IncBFLA></ITRForm:STCGDTAARate><ITRForm:LTCG10Per><ITRForm:IncBFLA><ITRForm:IncOfCurYrUndHeadFromCYLA>0</ITRForm:IncOfCurYrUndHeadFromCYLA><ITRForm:BFlossPrevYrUndSameHeadSetoff>0</ITRForm:BFlossPrevYrUndSameHeadSetoff><ITRForm:BFUnabsorbedDeprSetoff>0</ITRForm:BFUnabsorbedDeprSetoff><ITRForm:BFAllUs35Cl4Setoff>0</ITRForm:BFAllUs35Cl4Setoff><ITRForm:IncOfCurYrAfterSetOffBFLosses>0</ITRForm:IncOfCurYrAfterSetOffBFLosses></ITRForm:IncBFLA></ITRForm:LTCG10Per><ITRForm:LTCG20Per><ITRForm:IncBFLA><ITRForm:IncOfCurYrUndHeadFromCYLA>0</ITRForm:IncOfCurYrUndHeadFromCYLA><ITRForm:BFlossPrevYrUndSameHeadSetoff>0</ITRForm:BFlossPrevYrUndSameHeadSetoff><ITRForm:BFUnabsorbedDeprSetoff>0</ITRForm:BFUnabsorbedDeprSetoff><ITRForm:BFAllUs35Cl4Setoff>0</ITRForm:BFAllUs35Cl4Setoff><ITRForm:IncOfCurYrAfterSetOffBFLosses>0</ITRForm:IncOfCurYrAfterSetOffBFLosses></ITRForm:IncBFLA></ITRForm:LTCG20Per><ITRForm:LTCGDTAARate><ITRForm:IncBFLA><ITRForm:IncOfCurYrUndHeadFromCYLA>0</ITRForm:IncOfCurYrUndHeadFromCYLA><ITRForm:BFlossPrevYrUndSameHeadSetoff>0</ITRForm:BFlossPrevYrUndSameHeadSetoff><ITRForm:BFUnabsorbedDeprSetoff>0</ITRForm:BFUnabsorbedDeprSetoff><ITRForm:BFAllUs35Cl4Setoff>0</ITRForm:BFAllUs35Cl4Setoff><ITRForm:IncOfCurYrAfterSetOffBFLosses>0</ITRForm:IncOfCurYrAfterSetOffBFLosses></ITRForm:IncBFLA></ITRForm:LTCGDTAARate><ITRForm:OthSrcExclRaceHorse><ITRForm:IncBFLA><ITRForm:IncOfCurYrUndHeadFromCYLA>0</ITRForm:IncOfCurYrUndHeadFromCYLA><ITRForm:BFUnabsorbedDeprSetoff>0</ITRForm:BFUnabsorbedDeprSetoff><ITRForm:BFAllUs35Cl4Setoff>0</ITRForm:BFAllUs35Cl4Setoff><ITRForm:IncOfCurYrAfterSetOffBFLosses>0</ITRForm:IncOfCurYrAfterSetOffBFLosses></ITRForm:IncBFLA></ITRForm:OthSrcExclRaceHorse><ITRForm:ProfitFrmRaceHorse><ITRForm:IncBFLA><ITRForm:IncOfCurYrUndHeadFromCYLA>0</ITRForm:IncOfCurYrUndHeadFromCYLA><ITRForm:BFlossPrevYrUndSameHeadSetoff>0</ITRForm:BFlossPrevYrUndSameHeadSetoff><ITRForm:BFUnabsorbedDeprSetoff>0</ITRForm:BFUnabsorbedDeprSetoff><ITRForm:BFAllUs35Cl4Setoff>0</ITRForm:BFAllUs35Cl4Setoff><ITRForm:IncOfCurYrAfterSetOffBFLosses>0</ITRForm:IncOfCurYrAfterSetOffBFLosses></ITRForm:IncBFLA></ITRForm:ProfitFrmRaceHorse><ITRForm:IncOSDTAA><ITRForm:IncBFLA><ITRForm:IncOfCurYrUndHeadFromCYLA>0</ITRForm:IncOfCurYrUndHeadFromCYLA><ITRForm:BFUnabsorbedDeprSetoff>0</ITRForm:BFUnabsorbedDeprSetoff><ITRForm:BFAllUs35Cl4Setoff>0</ITRForm:BFAllUs35Cl4Setoff><ITRForm:IncOfCurYrAfterSetOffBFLosses>0</ITRForm:IncOfCurYrAfterSetOffBFLosses></ITRForm:IncBFLA></ITRForm:IncOSDTAA><ITRForm:TotalBFLossSetOff><ITRForm:TotBFLossSetoff>0</ITRForm:TotBFLossSetoff><ITRForm:TotUnabsorbedDeprSetoff>0</ITRForm:TotUnabsorbedDeprSetoff><ITRForm:TotAllUs35cl4Setoff>0</ITRForm:TotAllUs35cl4Setoff></ITRForm:TotalBFLossSetOff><ITRForm:IncomeOfCurrYrAftCYLABFLA>107095</ITRForm:IncomeOfCurrYrAftCYLABFLA></ITRForm:ScheduleBFLA><ITRForm:ITRScheduleUD><ITRForm:CurrAssYr>2019-20</ITRForm:CurrAssYr><ITRForm:CurBalCFNY>0</ITRForm:CurBalCFNY><ITRForm:CurAllowBalCFNY>0</ITRForm:CurAllowBalCFNY><ITRForm:TotBFUDepritAmt>0</ITRForm:TotBFUDepritAmt><ITRForm:TotCurYrdepritSetoffInc>0</ITRForm:TotCurYrdepritSetoffInc><ITRForm:TotDepritBalCFNY>0</ITRForm:TotDepritBalCFNY><ITRForm:TotBFUAllowAmt>0</ITRForm:TotBFUAllowAmt><ITRForm:TotCurYrAllowSetoffInc>0</ITRForm:TotCurYrAllowSetoffInc><ITRForm:TotalBalCFNY>0</ITRForm:TotalBalCFNY></ITRForm:ITRScheduleUD><ITRForm:ScheduleVIA><ITRForm:UsrDeductUndChapVIA><ITRForm:Section80GGC>0</ITRForm:Section80GGC><ITRForm:TotPartBchapterVIA>0</ITRForm:TotPartBchapterVIA><ITRForm:Section80JJAA>0</ITRForm:Section80JJAA><ITRForm:TotPartCchapterVIA>0</ITRForm:TotPartCchapterVIA><ITRForm:TotalChapVIADeductions>0</ITRForm:TotalChapVIADeductions></ITRForm:UsrDeductUndChapVIA><ITRForm:DeductUndChapVIA><ITRForm:Section80GGC>0</ITRForm:Section80GGC><ITRForm:TotPartBchapterVIA>0</ITRForm:TotPartBchapterVIA><ITRForm:Section80JJAA>0</ITRForm:Section80JJAA><ITRForm:TotPartCchapterVIA>0</ITRForm:TotPartCchapterVIA><ITRForm:TotalChapVIADeductions>0</ITRForm:TotalChapVIADeductions></ITRForm:DeductUndChapVIA></ITRForm:ScheduleVIA><ITRForm:ScheduleAMT><ITRForm:TotalIncItem11>107100</ITRForm:TotalIncItem11><ITRForm:AdjustmentSec115JC><ITRForm:DeductClaimSec6A>0</ITRForm:DeductClaimSec6A><ITRForm:DeductClaimSec10AA>0</ITRForm:DeductClaimSec10AA><ITRForm:DeductClaimSec35AD>0</ITRForm:DeductClaimSec35AD><ITRForm:Total>0</ITRForm:Total></ITRForm:AdjustmentSec115JC><ITRForm:AdjustedUnderSec115JC>107100</ITRForm:AdjustedUnderSec115JC><ITRForm:TaxPayableUnderSec115JC>0</ITRForm:TaxPayableUnderSec115JC></ITRForm:ScheduleAMT><ITRForm:ScheduleAMTC><ITRForm:TaxSection115JC>0</ITRForm:TaxSection115JC><ITRForm:TaxOthProvisions>33415</ITRForm:TaxOthProvisions><ITRForm:AmtTaxCreditAvailable>33415</ITRForm:AmtTaxCreditAvailable><ITRForm:ScheduleAMTCDtls><ITRForm:AssYr>2013-14</ITRForm:AssYr><ITRForm:AmtCreditFwd>0</ITRForm:AmtCreditFwd><ITRForm:AmtCreditSetOfEy>0</ITRForm:AmtCreditSetOfEy><ITRForm:AmtCreditBalBroughtFwd>0</ITRForm:AmtCreditBalBroughtFwd><ITRForm:AmtCreditUtilized>0</ITRForm:AmtCreditUtilized><ITRForm:BalAmtCreditCarryFwd>0</ITRForm:BalAmtCreditCarryFwd></ITRForm:ScheduleAMTCDtls><ITRForm:ScheduleAMTCDtls><ITRForm:AssYr>2014-15</ITRForm:AssYr><ITRForm:AmtCreditFwd>0</ITRForm:AmtCreditFwd><ITRForm:AmtCreditSetOfEy>0</ITRForm:AmtCreditSetOfEy><ITRForm:AmtCreditBalBroughtFwd>0</ITRForm:AmtCreditBalBroughtFwd><ITRForm:AmtCreditUtilized>0</ITRForm:AmtCreditUtilized><ITRForm:BalAmtCreditCarryFwd>0</ITRForm:BalAmtCreditCarryFwd></ITRForm:ScheduleAMTCDtls><ITRForm:ScheduleAMTCDtls><ITRForm:AssYr>2015-16</ITRForm:AssYr><ITRForm:AmtCreditFwd>0</ITRForm:AmtCreditFwd><ITRForm:AmtCreditSetOfEy>0</ITRForm:AmtCreditSetOfEy><ITRForm:AmtCreditBalBroughtFwd>0</ITRForm:AmtCreditBalBroughtFwd><ITRForm:AmtCreditUtilized>0</ITRForm:AmtCreditUtilized><ITRForm:BalAmtCreditCarryFwd>0</ITRForm:BalAmtCreditCarryFwd></ITRForm:ScheduleAMTCDtls><ITRForm:ScheduleAMTCDtls><ITRForm:AssYr>2016-17</ITRForm:AssYr><ITRForm:AmtCreditFwd>0</ITRForm:AmtCreditFwd><ITRForm:AmtCreditSetOfEy>0</ITRForm:AmtCreditSetOfEy><ITRForm:AmtCreditBalBroughtFwd>0</ITRForm:AmtCreditBalBroughtFwd><ITRForm:AmtCreditUtilized>0</ITRForm:AmtCreditUtilized><ITRForm:BalAmtCreditCarryFwd>0</ITRForm:BalAmtCreditCarryFwd></ITRForm:ScheduleAMTCDtls><ITRForm:ScheduleAMTCDtls><ITRForm:AssYr>2017-18</ITRForm:AssYr><ITRForm:AmtCreditFwd>0</ITRForm:AmtCreditFwd><ITRForm:AmtCreditSetOfEy>0</ITRForm:AmtCreditSetOfEy><ITRForm:AmtCreditBalBroughtFwd>0</ITRForm:AmtCreditBalBroughtFwd><ITRForm:AmtCreditUtilized>0</ITRForm:AmtCreditUtilized><ITRForm:BalAmtCreditCarryFwd>0</ITRForm:BalAmtCreditCarryFwd></ITRForm:ScheduleAMTCDtls><ITRForm:ScheduleAMTCDtls><ITRForm:AssYr>2018-19</ITRForm:AssYr><ITRForm:AmtCreditFwd>0</ITRForm:AmtCreditFwd><ITRForm:AmtCreditSetOfEy>0</ITRForm:AmtCreditSetOfEy><ITRForm:AmtCreditBalBroughtFwd>0</ITRForm:AmtCreditBalBroughtFwd><ITRForm:AmtCreditUtilized>0</ITRForm:AmtCreditUtilized><ITRForm:BalAmtCreditCarryFwd>0</ITRForm:BalAmtCreditCarryFwd></ITRForm:ScheduleAMTCDtls><ITRForm:CurrAssYr>2019-20</ITRForm:CurrAssYr><ITRForm:CurrYrAmtCreditFwd>0</ITRForm:CurrYrAmtCreditFwd><ITRForm:CurrYrCreditBalBF>0</ITRForm:CurrYrCreditBalBF><ITRForm:CurrYrCreditCarryFwd>0</ITRForm:CurrYrCreditCarryFwd><ITRForm:TotAMTGross>0</ITRForm:TotAMTGross><ITRForm:TotSetOffEys>0</ITRForm:TotSetOffEys><ITRForm:TotBalBF>0</ITRForm:TotBalBF><ITRForm:TotAmtCreditUtilisedCY>0</ITRForm:TotAmtCreditUtilisedCY><ITRForm:TotBalAMTCreditCF>0</ITRForm:TotBalAMTCreditCF><ITRForm:TaxSection115JD>0</ITRForm:TaxSection115JD><ITRForm:AmtLiabilityAvailable>0</ITRForm:AmtLiabilityAvailable></ITRForm:ScheduleAMTC><ITRForm:ScheduleGST><ITRForm:TurnoverGrsRcptForGSTIN><ITRForm:GSTINNo>08AASFK5345A1ZA</ITRForm:GSTINNo><ITRForm:AmtTurnGrossRcptGSTIN>5242986</ITRForm:AmtTurnGrossRcptGSTIN></ITRForm:TurnoverGrsRcptForGSTIN></ITRForm:ScheduleGST><ITRForm:PartB-TI><ITRForm:IncomeFromHP>0</ITRForm:IncomeFromHP><ITRForm:ProfBusGain><ITRForm:ProfGainNoSpecBus>107095</ITRForm:ProfGainNoSpecBus><ITRForm:ProfGainSpecBus>0</ITRForm:ProfGainSpecBus><ITRForm:ProfGainSpecifiedBus>0</ITRForm:ProfGainSpecifiedBus><ITRForm:IncChrgblTaxSplRate>0</ITRForm:IncChrgblTaxSplRate><ITRForm:TotProfBusGain>107095</ITRForm:TotProfBusGain></ITRForm:ProfBusGain><ITRForm:CapGain><ITRForm:ShortTerm><ITRForm:ShortTerm15Per>0</ITRForm:ShortTerm15Per><ITRForm:ShortTerm30Per>0</ITRForm:ShortTerm30Per><ITRForm:ShortTermAppRate>0</ITRForm:ShortTermAppRate><ITRForm:ShortTermSplRateDTAA>0</ITRForm:ShortTermSplRateDTAA><ITRForm:TotalShortTerm>0</ITRForm:TotalShortTerm></ITRForm:ShortTerm><ITRForm:LongTerm><ITRForm:LongTerm10Per>0</ITRForm:LongTerm10Per><ITRForm:LongTerm20Per>0</ITRForm:LongTerm20Per><ITRForm:LongTermSplRateDTAA>0</ITRForm:LongTermSplRateDTAA><ITRForm:TotalLongTerm>0</ITRForm:TotalLongTerm></ITRForm:LongTerm><ITRForm:TotalCapGains>0</ITRForm:TotalCapGains></ITRForm:CapGain><ITRForm:IncFromOS><ITRForm:OtherSrcThanOwnRaceHorse>0</ITRForm:OtherSrcThanOwnRaceHorse><ITRForm:IncChargblSplRate>0</ITRForm:IncChargblSplRate><ITRForm:FromOwnRaceHorse>0</ITRForm:FromOwnRaceHorse><ITRForm:TotIncFromOS>0</ITRForm:TotIncFromOS></ITRForm:IncFromOS><ITRForm:TotalTI>107095</ITRForm:TotalTI><ITRForm:CurrentYearLoss>0</ITRForm:CurrentYearLoss><ITRForm:BalanceAfterSetoffLosses>107095</ITRForm:BalanceAfterSetoffLosses><ITRForm:BroughtFwdLossesSetoff>0</ITRForm:BroughtFwdLossesSetoff><ITRForm:GrossTotalIncome>107095</ITRForm:GrossTotalIncome><ITRForm:IncChargeTaxSplRate111A112>0</ITRForm:IncChargeTaxSplRate111A112><ITRForm:IncNtFrmngPartOfTotalInc>0</ITRForm:IncNtFrmngPartOfTotalInc><ITRForm:DeductionsUnder10Aor10AA>0</ITRForm:DeductionsUnder10Aor10AA><ITRForm:IncInvstmntFundRefrd>0</ITRForm:IncInvstmntFundRefrd><ITRForm:IncBusTrustRefrd>0</ITRForm:IncBusTrustRefrd><ITRForm:DeductionsUndSchVIADtl><ITRForm:PartBchapterVIA>0</ITRForm:PartBchapterVIA><ITRForm:PartCchapterVIA>0</ITRForm:PartCchapterVIA><ITRForm:TotDeductUndSchVIA>0</ITRForm:TotDeductUndSchVIA></ITRForm:DeductionsUndSchVIADtl><ITRForm:TotalIncome>107100</ITRForm:TotalIncome><ITRForm:IncChargeableTaxSplRates>0</ITRForm:IncChargeableTaxSplRates><ITRForm:NetAgricultureIncomeOrOtherIncomeForRate>0</ITRForm:NetAgricultureIncomeOrOtherIncomeForRate><ITRForm:AggregateIncome>107100</ITRForm:AggregateIncome><ITRForm:LossesOfCurrentYearCarriedFwd>0</ITRForm:LossesOfCurrentYearCarriedFwd><ITRForm:DeemedTotIncSec115JC>107100</ITRForm:DeemedTotIncSec115JC></ITRForm:PartB-TI><ITRForm:PartB_TTI><ITRForm:ComputationOfTaxLiability><ITRForm:TaxPayableOnDeemedTI><ITRForm:TaxDeemedTISec115JC>0</ITRForm:TaxDeemedTISec115JC><ITRForm:Surcharge>0</ITRForm:Surcharge><ITRForm:EducationCess>0</ITRForm:EducationCess><ITRForm:TotalTax>0</ITRForm:TotalTax></ITRForm:TaxPayableOnDeemedTI><ITRForm:TaxPayableOnTI><ITRForm:TaxAtNormalRates>32130</ITRForm:TaxAtNormalRates><ITRForm:TaxAtSpecialRates>0</ITRForm:TaxAtSpecialRates><ITRForm:RebateOnAgriInc>0</ITRForm:RebateOnAgriInc><ITRForm:TaxPayableOnTotInc>32130</ITRForm:TaxPayableOnTotInc><ITRForm:Surcharge25ofSI>0</ITRForm:Surcharge25ofSI><ITRForm:SurchargeOnTaxPayable>0</ITRForm:SurchargeOnTaxPayable><ITRForm:TotalSurcharge>0</ITRForm:TotalSurcharge><ITRForm:EducationCess>1285</ITRForm:EducationCess><ITRForm:GrossTaxLiability>33415</ITRForm:GrossTaxLiability></ITRForm:TaxPayableOnTI><ITRForm:GrossTaxPayable>33415</ITRForm:GrossTaxPayable><ITRForm:CreditUS115JD>0</ITRForm:CreditUS115JD><ITRForm:TaxPaidUnderCredit>33415</ITRForm:TaxPaidUnderCredit><ITRForm:TaxRelief><ITRForm:Section90>0</ITRForm:Section90><ITRForm:Section91>0</ITRForm:Section91><ITRForm:TotTaxRelief>0</ITRForm:TotTaxRelief></ITRForm:TaxRelief><ITRForm:NetTaxLiability>33415</ITRForm:NetTaxLiability><ITRForm:IntrstPay><ITRForm:IntrstPayUs234A>0</ITRForm:IntrstPayUs234A><ITRForm:IntrstPayUs234B>804</ITRForm:IntrstPayUs234B><ITRForm:IntrstPayUs234C>1684</ITRForm:IntrstPayUs234C><ITRForm:LateFilingFee234F>0</ITRForm:LateFilingFee234F><ITRForm:TotalIntrstPay>2488</ITRForm:TotalIntrstPay></ITRForm:IntrstPay><ITRForm:AggregateTaxInterestLiability>35903</ITRForm:AggregateTaxInterestLiability></ITRForm:ComputationOfTaxLiability><ITRForm:TaxPaid><ITRForm:TaxesPaid><ITRForm:AdvanceTax>20000</ITRForm:AdvanceTax><ITRForm:TDS>0</ITRForm:TDS><ITRForm:TCS>0</ITRForm:TCS><ITRForm:SelfAssessmentTax>15900</ITRForm:SelfAssessmentTax><ITRForm:TotalTaxesPaid>35900</ITRForm:TotalTaxesPaid></ITRForm:TaxesPaid><ITRForm:BalTaxPayable>0</ITRForm:BalTaxPayable></ITRForm:TaxPaid><ITRForm:Refund><ITRForm:RefundDue>0</ITRForm:RefundDue><ITRForm:BankAccountDtls><ITRForm:AddtnlBankDetails><ITRForm:IFSCCode>PUNB0194000</ITRForm:IFSCCode><ITRForm:BankName>PUNJAB NATIONAL BANK</ITRForm:BankName><ITRForm:BankAccountNo>1940002100083437</ITRForm:BankAccountNo><ITRForm:UseForRefund>true</ITRForm:UseForRefund></ITRForm:AddtnlBankDetails></ITRForm:BankAccountDtls></ITRForm:Refund><ITRForm:AssetOutsideIndiaFlg>NO</ITRForm:AssetOutsideIndiaFlg></ITRForm:PartB_TTI><ITRForm:ScheduleIT><ITRForm:TaxPayment><ITRForm:BSRCode>0302275</ITRForm:BSRCode><ITRForm:DateDep>2019-03-28</ITRForm:DateDep><ITRForm:SrlNoOfChaln>02237</ITRForm:SrlNoOfChaln><ITRForm:Amt>20000</ITRForm:Amt></ITRForm:TaxPayment><ITRForm:TaxPayment><ITRForm:BSRCode>0302275</ITRForm:BSRCode><ITRForm:DateDep>2019-09-27</ITRForm:DateDep><ITRForm:SrlNoOfChaln>02781</ITRForm:SrlNoOfChaln><ITRForm:Amt>15900</ITRForm:Amt></ITRForm:TaxPayment><ITRForm:TotalTaxPayments>35900</ITRForm:TotalTaxPayments></ITRForm:ScheduleIT><ITRForm:Verification><ITRForm:Declaration><ITRForm:AssesseeVerName>CHHABRA KUMAR RIPAN</ITRForm:AssesseeVerName><ITRForm:FatherName>JAGDISH RAI CHHABRA</ITRForm:FatherName><ITRForm:AssesseeVerPAN>ABCPC2657E</ITRForm:AssesseeVerPAN><ITRForm:Capacity>PA</ITRForm:Capacity></ITRForm:Declaration></ITRForm:Verification></ITR5FORM:ITR5></ITRETURN:ITR>